Workbook

Sheet 🎛️ PANEL DE CONTROL
A1: SIMULADOR DE SCORING PLATAM V2.0 + HÍBRIDO
A2: Ajusta los parámetros abajo y los scores se recalcularán automáticamente
A4: 📊 PESOS DE COMPONENTES PLATAM V2.0
A5: Parámetro | B5: Valor Actual | C5: Máximo | D5: % del Total
A6: Payment Performance (pts) | B6: 600 | C6: 1000 | D6: =B6/1000
A7: Payment Plan History (pts) | B7: 150 | C7: 1000 | D7: =B7/1000
A8: Deterioration Velocity (pts) | B8: 250 | C8: 1000 | D8: =B8/1000
A9: TOTAL (debe sumar 1000) | B9: =B6+B7+B8 | D9: =B9/1000
A11: ⚡ PENALIZACIONES Y BONIFICACIONES
A12: Concepto | B12: Valor | C12: Unidad | D12: Descripción
A13: Penalización DPD >30 días | B13: 50 | C13: puntos | D13: Resta del score total
A14: Bonificación >90% pagos a tiempo | B14: 30 | C14: puntos | D14: Suma al score total
A15: Penalización utilización >80% | B15: 20 | C15: puntos | D15: Resta del score total
A16: Bonificación cliente >24 meses | B16: 25 | C16: puntos | D16: Suma al score total
A18: 🔄 PESOS DEL SISTEMA HÍBRIDO
A19: Categoría Cliente | B19: Peso PLATAM | C19: Peso HCPN | D19: Total
A20: Muy Nuevo (< 3 meses) | B20: 0.3 | C20: =1-B20 | D20: =B20+C20
A21: Nuevo (3-6 meses) | B21: 0.4 | C21: =1-B21 | D21: =B21+C21
A22: Intermedio (6-12 meses) | B22: 0.5 | C22: =1-B22 | D22: =B22+C22
A23: Establecido (12-24 meses) | B23: 0.6 | C23: =1-B23 | D23: =B23+C23
A24: Maduro (> 24 meses) | B24: 0.7 | C24: =1-B24 | D24: =B24+C24
A26: 📏 UMBRALES DE CATEGORIZACIÓN
A27: Rating | B27: Score Mínimo | C27: Score Máximo | D27: Descripción
A28: A+ | B28: 900 | C28: 1000 | D28: Excelente
A29: A | B29: 850 | C29: 899 | D29: Muy Bueno
A30: A- | B30: 800 | C30: 849 | D30: Bueno Superior
A31: B+ | B31: 750 | C31: 799 | D31: Bueno
A32: B | B32: 700 | C32: 749 | D32: Aceptable Superior
A33: B- | B33: 650 | C33: 699 | D33: Aceptable
A34: C+ | B34: 600 | C34: 649 | D34: Regular Superior
A35: C | B35: 550 | C35: 599 | D35: Regular
A36: C- | B36: 500 | C36: 549 | D36: Regular Bajo
A37: D | B37: 400 | C37: 499 | D37: Deficiente
A38: F | B38: 0 | C38: 399 | D38: Muy Deficiente
A40: 💡 INSTRUCCIONES:
A41: 1. Cambia los valores en las celdas AZULES
A42: 2. Los pesos de componentes deben sumar 1000 puntos
A43: 3. Los scores se recalcularán automáticamente en la hoja 'Scores Simulados'
A44: 4. Compara los resultados en la hoja 'Comparación'
A45: 5. Usa la hoja 'Análisis' para ver distribuciones

Sheet 📊 Datos Originales
A1: cedula | B1: client_name | C1: score_payment_performance | D1: score_payment_plan | E1: score_deterioration | F1: platam_score | G1: platam_rating | H1: experian_score_normalized | I1: hybrid_score | J1: hybrid_rating | K1: payment_id_count | L1: days_past_due_mean | M1: pct_late | N1: pct_utilization | O1: months_as_client | P1: categoria_madurez | Q1: peso_platam_usado
A2: 1006157869 | C2: 300 | D2: 150 | E2: 125 | F2: 575 | G2: C | H2: 715.36797 | I2: 687.3 | J2: B- | N2: 23.3084 | O2: 0 | P2: muy_nuevo | Q2: 0.2
A3: 74858339 | C3: 300 | D3: 150 | E3: 125 | F3: 575 | G3: C | H3: 884.19913 | I3: 822.4 | J3: A- | N3: 69.824 | O3: 0 | P3: muy_nuevo | Q3: 0.2
A4: 1010240702 | C4: 300 | D4: 150 | E4: 125 | F4: 575 | G4: C | H4: 750 | I4: 715 | J4: B | N4: 0 | O4: 0 | P4: muy_nuevo | Q4: 0.2
A5: 1126427264 | C5: 300 | D5: 150 | E5: 125 | F5: 575 | G5: C | H5: 822.51082 | I5: 773 | J5: B+ | N5: 37.524967 | O5: 0 | P5: muy_nuevo | Q5: 0.2
A6: 1002499770 | C6: 300 | D6: 100 | E6: 125 | F6: 525 | G6: C- | H6: 719.69697 | I6: 680.8 | J6: B- | N6: 0 | O6: 0 | P6: muy_nuevo | Q6: 0.2
A7: 1121820971 | C7: 300 | D7: 150 | E7: 125 | F7: 575 | G7: C | H7: 866.88312 | I7: 808.5 | J7: A- | N7: 0 | O7: 0 | P7: muy_nuevo | Q7: 0.2
A8: 1006218030 | C8: 300 | D8: 150 | E8: 125 | F8: 575 | G8: C | H8: 775.97403 | I8: 735.8 | J8: B | N8: 69.522867 | O8: 0 | P8: muy_nuevo | Q8: 0.2
A9: 1114458785 | C9: 300 | D9: 100 | E9: 125 | F9: 525 | G9: C- | H9: 788.96104 | I9: 736.2 | J9: B | N9: 0 | O9: 0 | P9: muy_nuevo | Q9: 0.2
A10: 31842592 | C10: 300 | D10: 150 | E10: 125 | F10: 575 | G10: C | H10: 860.38961 | I10: 803.3 | J10: A- | N10: 76.03295 | O10: 0 | P10: muy_nuevo | Q10: 0.2
A11: 901973300 | C11: 300 | D11: 150 | E11: 125 | F11: 575 | G11: C | I11: 575 | J11: C | N11: 0 | O11: 0 | P11: muy_nuevo | Q11: 1
A12: 66661722 | C12: 300 | D12: 150 | E12: 125 | F12: 575 | G12: C | H12: 861.47186 | I12: 804.2 | J12: A- | N12: 29.078633 | O12: 0 | P12: muy_nuevo | Q12: 0.2
A13: 1030562981 | C13: 300 | D13: 50 | E13: 125 | F13: 475 | G13: D/F | H13: 551.94805 | I13: 536.6 | J13: C- | N13: 44.84 | O13: 0 | P13: muy_nuevo | Q13: 0.2
A14: 31918579 | C14: 300 | D14: 150 | E14: 125 | F14: 575 | G14: C | H14: 806.27706 | I14: 760 | J14: B+ | N14: 46.8075 | O14: 0 | P14: muy_nuevo | Q14: 0.2
A15: 1061370725 | C15: 300 | D15: 150 | E15: 125 | F15: 575 | G15: C | H15: 877.70563 | I15: 817.2 | J15: A- | N15: 0 | O15: 0 | P15: muy_nuevo | Q15: 0.2
A16: 1103110446 | C16: 300 | D16: 150 | E16: 125 | F16: 575 | G16: C | H16: 743.50649 | I16: 709.8 | J16: B | N16: 32.610629 | O16: 0 | P16: muy_nuevo | Q16: 0.2
A17: 1221984588 | C17: 300 | D17: 100 | E17: 125 | F17: 525 | G17: C- | H17: 722.94372 | I17: 683.4 | J17: B- | N17: 0 | O17: 0 | P17: muy_nuevo | Q17: 0.2
A18: 52050844 | C18: 300 | D18: 150 | E18: 125 | F18: 575 | G18: C | H18: 860.38961 | I18: 803.3 | J18: A- | N18: 58.7312 | O18: 0 | P18: muy_nuevo | Q18: 0.2
A19: 1010006115 | C19: 300 | D19: 150 | E19: 125 | F19: 575 | G19: C | H19: 823.59307 | I19: 773.9 | J19: B+ | N19: 72.545 | O19: 0 | P19: muy_nuevo | Q19: 0.2
A20: 38611636 | C20: 300 | D20: 150 | E20: 125 | F20: 575 | G20: C | H20: 846.32035 | I20: 792.1 | J20: B+ | N20: 87.985486 | O20: 0 | P20: muy_nuevo | Q20: 0.2
A21: 1121935853 | C21: 300 | D21: 150 | E21: 125 | F21: 575 | G21: C | H21: 737.01299 | I21: 704.6 | J21: B | N21: 0 | O21: 0 | P21: muy_nuevo | Q21: 0.2
A22: 1116548884 | C22: 300 | D22: 150 | E22: 125 | F22: 575 | G22: C | H22: 799.78355 | I22: 754.8 | J22: B+ | N22: 0 | O22: 0 | P22: muy_nuevo | Q22: 0.2
A23: 31330526 | C23: 300 | D23: 150 | E23: 125 | F23: 575 | G23: C | H23: 844.15584 | I23: 790.3 | J23: B+ | N23: 28.70985 | O23: 0 | P23: muy_nuevo | Q23: 0.2
A24: 901809312 | C24: 300 | D24: 100 | E24: 125 | F24: 525 | G24: C- | I24: 525 | J24: C- | N24: 73.2617 | O24: 0 | P24: muy_nuevo | Q24: 1
A25: 31643878 | C25: 300 | D25: 150 | E25: 125 | F25: 575 | G25: C | H25: 829.00433 | I25: 778.2 | J25: B+ | N25: 45.06 | O25: 0 | P25: muy_nuevo | Q25: 0.2
A26: 1062962938 | C26: 300 | D26: 100 | E26: 125 | F26: 525 | G26: C- | H26: 611.47186 | I26: 594.2 | J26: C | N26: 99.6264 | O26: 0 | P26: muy_nuevo | Q26: 0.2
A27: 1005977778 | C27: 300 | D27: 150 | E27: 125 | F27: 575 | G27: C | H27: 792.20779 | I27: 748.8 | J27: B | N27: 93.2132 | O27: 0 | P27: muy_nuevo | Q27: 0.2
A28: 1117807143 | C28: 300 | D28: 150 | E28: 125 | F28: 575 | G28: C | H28: 773.80952 | I28: 734 | J28: B | N28: 29.54665 | O28: 0 | P28: muy_nuevo | Q28: 0.2
A29: 1144097358 | C29: 300 | D29: 100 | E29: 125 | F29: 525 | G29: C- | H29: 687.22944 | I29: 654.8 | J29: B- | N29: 0 | O29: 0 | P29: muy_nuevo | Q29: 0.2
A30: 901932123 | C30: 300 | D30: 100 | E30: 125 | F30: 525 | G30: C- | I30: 525 | J30: C- | N30: 67.6 | O30: 0 | P30: muy_nuevo | Q30: 1
A31: 1074417997 | C31: 300 | D31: 100 | E31: 125 | F31: 525 | G31: C- | H31: 718.61472 | I31: 679.9 | J31: B- | N31: 85.7 | O31: 0 | P31: muy_nuevo | Q31: 0.2
A32: 901256954 | C32: 300 | D32: 100 | E32: 125 | F32: 525 | G32: C- | I32: 525 | J32: C- | N32: 29.372525 | O32: 0 | P32: muy_nuevo | Q32: 1
A33: 12685947 | C33: 300 | D33: 150 | E33: 125 | F33: 575 | G33: C | H33: 865.80087 | I33: 807.6 | J33: A- | N33: 0 | O33: 0 | P33: muy_nuevo | Q33: 0.2
A34: 1093221482 | C34: 300 | D34: 150 | E34: 125 | F34: 575 | G34: C | H34: 836.58009 | I34: 784.3 | J34: B+ | N34: 19.253675 | O34: 0 | P34: muy_nuevo | Q34: 0.2
A35: 72239768 | C35: 300 | D35: 100 | E35: 125 | F35: 525 | G35: C- | H35: 761.90476 | I35: 714.5 | J35: B | N35: 16.460525 | O35: 0 | P35: muy_nuevo | Q35: 0.2
A36: 72151403 | C36: 300 | D36: 150 | E36: 125 | F36: 575 | G36: C | H36: 822.51082 | I36: 773 | J36: B+ | N36: 95.999733 | O36: 0 | P36: muy_nuevo | Q36: 0.2
A37: 1001181877 | C37: 300 | D37: 150 | E37: 125 | F37: 575 | G37: C | H37: 786.79654 | I37: 744.4 | J37: B | N37: 0 | O37: 0 | P37: muy_nuevo | Q37: 0.2
A38: 1013619220 | C38: 300 | D38: 100 | E38: 125 | F38: 525 | G38: C- | I38: 525 | J38: C- | N38: 80 | O38: 0 | P38: muy_nuevo | Q38: 1
A39: 1117325921 | C39: 300 | D39: 100 | E39: 125 | F39: 525 | G39: C- | H39: 764.06926 | I39: 716.3 | J39: B | N39: 47.58455 | O39: 0 | P39: muy_nuevo | Q39: 0.2
A40: 52189031 | C40: 300 | D40: 100 | E40: 125 | F40: 525 | G40: C- | H40: 835.49784 | I40: 773.4 | J40: B+ | N40: 23.0858 | O40: 0 | P40: muy_nuevo | Q40: 0.2
A41: 1030523525 | C41: 300 | D41: 100 | E41: 125 | F41: 525 | G41: C- | H41: 696.9697 | I41: 662.6 | J41: B- | N41: 53.758533 | O41: 0 | P41: muy_nuevo | Q41: 0.2
A42: 8750047 | C42: 300 | D42: 150 | E42: 125 | F42: 575 | G42: C | H42: 865.80087 | I42: 807.6 | J42: A- | N42: 0.2 | O42: 0 | P42: muy_nuevo | Q42: 0.2
A43: 1013343531 | C43: 300 | D43: 100 | E43: 125 | F43: 525 | G43: C- | H43: 0 | I43: 105 | J43: D/F | N43: 0 | O43: 0 | P43: muy_nuevo | Q43: 0.2
A44: 1018422493 | C44: 300 | D44: 150 | E44: 125 | F44: 575 | G44: C | H44: 793.29004 | I44: 749.6 | J44: B | N44: 10.626 | O44: 0 | P44: muy_nuevo | Q44: 0.2
A45: 8031635 | C45: 300 | D45: 100 | E45: 125 | F45: 525 | G45: C- | H45: 741.34199 | I45: 698.1 | J45: B- | N45: 10.362 | O45: 0 | P45: muy_nuevo | Q45: 0.2
A46: 41630907 | C46: 300 | D46: 150 | E46: 125 | F46: 575 | G46: C | H46: 845.2381 | I46: 791.2 | J46: B+ | N46: 99.976133 | O46: 0 | P46: muy_nuevo | Q46: 0.2
A47: 1004269736 | C47: 300 | D47: 50 | E47: 125 | F47: 475 | G47: D/F | H47: 260.82251 | I47: 303.7 | J47: D/F | N47: 80.366667 | O47: 0 | P47: muy_nuevo | Q47: 0.2
A48: 50939076 | C48: 300 | D48: 100 | E48: 125 | F48: 525 | G48: C- | H48: 656.92641 | I48: 630.5 | J48: C+ | N48: 0 | O48: 0 | P48: muy_nuevo | Q48: 0.2
A49: 1062305545 | C49: 300 | D49: 150 | E49: 125 | F49: 575 | G49: C | H49: 759.74026 | I49: 722.8 | J49: B | N49: 89.6972 | O49: 0 | P49: muy_nuevo | Q49: 0.2
A50: 1085297554 | C50: 300 | D50: 150 | E50: 125 | F50: 575 | G50: C | H50: 902.5974 | I50: 837.1 | J50: A- | N50: 36.00855 | O50: 0 | P50: muy_nuevo | Q50: 0.2
... A57: 1034315787 | C57: 300 | D57: 150 | E57: 125 | F57: 575 | G57: C | H57: 839.82684 | I57: 786.9 | J57: B+ | N57: 0 | O57: 0 | P57: muy_nuevo | Q57: 0.2
A58: 900953782 | C58: 300 | D58: 100 | E58: 125 | F58: 525 | G58: C- | I58: 525 | J58: C- | N58: 5.07182 | O58: 0 | P58: muy_nuevo | Q58: 1
A59: 1040504519 | C59: 300 | D59: 100 | E59: 125 | F59: 525 | G59: C- | H59: 812.77056 | I59: 755.2 | J59: B+ | N59: 98.576462 | O59: 0 | P59: muy_nuevo | Q59: 0.2
A60: 51822259 | C60: 300 | D60: 150 | E60: 125 | F60: 575 | G60: C | H60: 847.4026 | I60: 792.9 | J60: B+ | N60: 0 | O60: 0 | P60: muy_nuevo | Q60: 0.2
A61: 1121956216 | C61: 300 | D61: 100 | E61: 125 | F61: 525 | G61: C- | H61: 743.50649 | I61: 699.8 | J61: B- | N61: 90.714286 | O61: 0 | P61: muy_nuevo | Q61: 0.2
A62: 1067861940 | C62: 300 | D62: 150 | E62: 125 | F62: 575 | G62: C | H62: 788.96104 | I62: 746.2 | J62: B | N62: 0 | O62: 0 | P62: muy_nuevo | Q62: 0.2
A63: 46375727 | C63: 300 | D63: 50 | E63: 125 | F63: 475 | G63: D/F | H63: 439.39394 | I63: 446.5 | J63: D/F | N63: 75.6456 | O63: 0 | P63: muy_nuevo | Q63: 0.2
A64: 78747121 | C64: 300 | D64: 150 | E64: 125 | F64: 575 | G64: C | H64: 823.59307 | I64: 773.9 | J64: B+ | N64: 0 | O64: 0 | P64: muy_nuevo | Q64: 0.2
A65: 1001481017 | C65: 300 | D65: 150 | E65: 125 | F65: 575 | G65: C | H65: 798.7013 | I65: 754 | J65: B+ | N65: 0 | O65: 0 | P65: muy_nuevo | Q65: 0.2
A66: 811038648 | C66: 300 | D66: 100 | E66: 125 | F66: 525 | G66: C- | I66: 525 | J66: C- | N66: 0 | O66: 0 | P66: muy_nuevo | Q66: 1
A67: 74185826 | C67: 300 | D67: 150 | E67: 125 | F67: 575 | G67: C | H67: 874.45887 | I67: 814.6 | J67: A- | N67: 34.2606 | O67: 0 | P67: muy_nuevo | Q67: 0.2
A68: 1110459403 | C68: 300 | D68: 100 | E68: 125 | F68: 525 | G68: C- | H68: 840.90909 | I68: 777.7 | J68: B+ | N68: 29.026667 | O68: 0 | P68: muy_nuevo | Q68: 0.2
A69: 6876777 | C69: 300 | D69: 150 | E69: 125 | F69: 575 | G69: C | H69: 820.34632 | I69: 771.3 | J69: B+ | N69: 37.837444 | O69: 0 | P69: muy_nuevo | Q69: 0.2
A70: 1122650546 | C70: 300 | D70: 100 | E70: 125 | F70: 525 | G70: C- | H70: 808.44156 | I70: 751.8 | J70: B+ | N70: 63.702444 | O70: 0 | P70: muy_nuevo | Q70: 0.2
A71: 80148722 | C71: 300 | D71: 100 | E71: 125 | F71: 525 | G71: C- | H71: 754.329 | I71: 708.5 | J71: B | N71: 76.548148 | O71: 0 | P71: muy_nuevo | Q71: 0.2
A72: 52353437 | C72: 300 | D72: 50 | E72: 125 | F72: 475 | G72: D/F | H72: 370.12987 | I72: 391.1 | J72: D/F | N72: 99.461 | O72: 0 | P72: muy_nuevo | Q72: 0.2
A73: 1003204632 | C73: 300 | D73: 100 | E73: 125 | F73: 525 | G73: C- | H73: 704.54545 | I73: 668.6 | J73: B- | N73: 42.4245 | O73: 0 | P73: muy_nuevo | Q73: 0.2
A74: 1110550458 | C74: 300 | D74: 150 | E74: 125 | F74: 575 | G74: C | H74: 859.30736 | I74: 802.4 | J74: A- | N74: 43.573667 | O74: 0 | P74: muy_nuevo | Q74: 0.2
A75: 1117498135 | C75: 300 | D75: 150 | E75: 125 | F75: 575 | G75: C | H75: 785.71429 | I75: 743.6 | J75: B | N75: 0 | O75: 0 | P75: muy_nuevo | Q75: 0.2
A76: 1090367822 | C76: 300 | D76: 100 | E76: 125 | F76: 525 | G76: C- | H76: 699.1342 | I76: 664.3 | J76: B- | N76: 30.476667 | O76: 0 | P76: muy_nuevo | Q76: 0.2
A77: 35502422 | C77: 300 | D77: 100 | E77: 125 | F77: 525 | G77: C- | H77: 814.93506 | I77: 756.9 | J77: B+ | N77: 58.192767 | O77: 0 | P77: muy_nuevo | Q77: 0.2
A78: 901553361 | C78: 300 | D78: 100 | E78: 125 | F78: 525 | G78: C- | I78: 525 | J78: C- | N78: 71.0762 | O78: 0 | P78: muy_nuevo | Q78: 1
A79: 900987092 | C79: 300 | D79: 100 | E79: 125 | F79: 525 | G79: C- | I79: 525 | J79: C- | N79: 78.647388 | O79: 0 | P79: muy_nuevo | Q79: 1
A80: 1005626334 | C80: 300 | D80: 150 | E80: 125 | F80: 575 | G80: C | H80: 790.04329 | I80: 747 | J80: B | N80: 0 | O80: 0 | P80: muy_nuevo | Q80: 0.2
A81: 52995417 | C81: 300 | D81: 150 | E81: 125 | F81: 575 | G81: C | H81: 902.5974 | I81: 837.1 | J81: A- | N81: 0 | O81: 0 | P81: muy_nuevo | Q81: 0.2
A82: 1074811615 | C82: 300 | D82: 100 | E82: 125 | F82: 525 | G82: C- | H82: 0 | I82: 105 | J82: D/F | N82: 93.041636 | O82: 0 | P82: muy_nuevo | Q82: 0.2
A83: 1098651098 | C83: 300 | D83: 150 | E83: 125 | F83: 575 | G83: C | H83: 843.07359 | I83: 789.5 | J83: B+ | N83: 102.90144 | O83: 0 | P83: muy_nuevo | Q83: 0.2
A84: 901925760 | C84: 300 | D84: 100 | E84: 125 | F84: 525 | G84: C- | I84: 525 | J84: C- | N84: 23.132 | O84: 0 | P84: muy_nuevo | Q84: 1
A85: 900557498 | C85: 300 | D85: 100 | E85: 125 | F85: 525 | G85: C- | I85: 525 | J85: C- | N85: 15.600647 | O85: 0 | P85: muy_nuevo | Q85: 1
A86: 49717943 | C86: 300 | D86: 100 | E86: 125 | F86: 525 | G86: C- | H86: 692.64069 | I86: 659.1 | J86: B- | N86: 0 | O86: 0 | P86: muy_nuevo | Q86: 0.2
A87: 1081847344 | C87: 300 | D87: 100 | E87: 125 | F87: 525 | G87: C- | H87: 729.43723 | I87: 688.5 | J87: B- | N87: 87.3271 | O87: 0 | P87: muy_nuevo | Q87: 0.2
A88: 40447312 | C88: 300 | D88: 150 | E88: 125 | F88: 575 | G88: C | H88: 895.02165 | I88: 831 | J88: A- | N88: 43.43895 | O88: 0 | P88: muy_nuevo | Q88: 0.2
A89: 51745086 | C89: 300 | D89: 150 | E89: 125 | F89: 575 | G89: C | H89: 794.37229 | I89: 750.5 | J89: B+ | N89: 0 | O89: 0 | P89: muy_nuevo | Q89: 0.2
A90: 35527100 | C90: 300 | D90: 150 | E90: 125 | F90: 575 | G90: C | H90: 862.55411 | I90: 805 | J90: A- | N90: 15.7685 | O90: 0 | P90: muy_nuevo | Q90: 0.2
A91: 1043972244 | C91: 300 | D91: 150 | E91: 125 | F91: 575 | G91: C | H91: 772.72727 | I91: 733.2 | J91: B | N91: 82.9127 | O91: 0 | P91: muy_nuevo | Q91: 0.2
A92: 1055917415 | C92: 300 | D92: 100 | E92: 125 | F92: 525 | G92: C- | H92: 837.66234 | I92: 775.1 | J92: B+ | N92: 26.67375 | O92: 0 | P92: muy_nuevo | Q92: 0.2
A93: 901833873 | C93: 300 | D93: 100 | E93: 125 | F93: 525 | G93: C- | I93: 525 | J93: C- | N93: 0 | O93: 0 | P93: muy_nuevo | Q93: 1
A94: 901591492 | C94: 300 | D94: 100 | E94: 125 | F94: 525 | G94: C- | I94: 525 | J94: C- | N94: 65.961642 | O94: 0 | P94: muy_nuevo | Q94: 1
A95: 1013647285 | C95: 300 | D95: 150 | E95: 125 | F95: 575 | G95: C | H95: 862.55411 | I95: 805 | J95: A- | N95: 41.47345 | O95: 0 | P95: muy_nuevo | Q95: 0.2
A96: 83249858 | C96: 300 | D96: 50 | E96: 125 | F96: 475 | G96: D/F | H96: 492.42424 | I96: 488.9 | J96: D/F | N96: 98.861533 | O96: 0 | P96: muy_nuevo | Q96: 0.2
A97: 901833525 | C97: 300 | D97: 100 | E97: 125 | F97: 525 | G97: C- | I97: 525 | J97: C- | N97: 72.6404 | O97: 0 | P97: muy_nuevo | Q97: 1
A98: 63357425 | C98: 300 | D98: 150 | E98: 125 | F98: 575 | G98: C | H98: 911.25541 | I98: 844 | J98: A- | N98: 0 | O98: 0 | P98: muy_nuevo | Q98: 0.2
A99: 80262722 | C99: 530 | D99: 50 | E99: 250 | F99: 830 | G99: A- | H99: 496.75325 | I99: 563.4 | J99: C | K99: 1 | L99: -19 | M99: 0 | N99: 103.8 | O99: 0 | P99: muy_nuevo | Q99: 0.2
A100: 44152359 | C100: 300 | D100: 150 | E100: 125 | F100: 575 | G100: C | H100: 885.28139 | I100: 823.2 | J100: A- | N100: 26.6159 | O100: 0 | P100: muy_nuevo | Q100: 0.2
A101: 901404416 | C101: 300 | D101: 100 | E101: 125 | F101: 525 | G101: C- | I101: 525 | J101: C- | N101: 11.40875 | O101: 0 | P101: muy_nuevo | Q101: 1

Sheet 🎯 Scores Simulados
A1: ID Cliente | B1: Nombre | C1: Comp 1 (Base) | D1: Comp 2 (Base) | E1: Comp 3 (Base) | F1: Comp 1 (Simulado) | G1: Comp 2 (Simulado) | H1: Comp 3 (Simulado) | I1: Score Base | J1: Penalizaciones | K1: Bonificaciones | L1: Score Simulado PLATAM | M1: Score HCPN | N1: Peso PLATAM | O1: Peso HCPN | P1: Score Híbrido Simulado | Q1: Rating Simulado | R1: Cambio vs Base
A2: ='📊 Datos Originales'!A2 | B2: ='📊 Datos Originales'!B2 | C2: ='📊 Datos Originales'!C2 | D2: ='📊 Datos Originales'!D2 | E2: ='📊 Datos Originales'!E2 | F2: =(C2/600)*'🎛️ PANEL DE CONTROL'!B6 | G2: =(D2/150)*'🎛️ PANEL DE CONTROL'!B7 | H2: =(E2/250)*'🎛️ PANEL DE CONTROL'!B8 | I2: =F2+G2+H2 | J2: ==IF('📊 Datos Originales'!L2>30, '🎛️ PANEL DE CONTROL'!B13, 0)+=IF('📊 Datos Originales'!N2>80, '🎛️ PANEL DE CONTROL'!B15, 0) | K2: ==IF('📊 Datos Originales'!M2<10, '🎛️ PANEL DE CONTROL'!B14, 0)+=IF('📊 Datos Originales'!O2>24, '🎛️ PANEL DE CONTROL'!B16, 0) | L2: =MAX(0, MIN(1000, I2-J2+K2)) | M2: ='📊 Datos Originales'!H2 | N2: =IF('📊 Datos Originales'!P2="muy_nuevo", '🎛️ PANEL DE CONTROL'!B20, IF('📊 Datos Originales'!P2="nuevo", '🎛️ PANEL DE CONTROL'!B21, IF('📊 Datos Originales'!P2="intermedio", '🎛️ PANEL DE CONTROL'!B22, IF('📊 Datos Originales'!P2="establecido", '🎛️ PANEL DE CONTROL'!B23, '🎛️ PANEL DE CONTROL'!B24)))) | O2: =1-N2 | P2: =(L2*N2)+(M2*O2) | Q2: =IF(P2>='🎛️ PANEL DE CONTROL'!B28, "A+", IF(P2>='🎛️ PANEL DE CONTROL'!B29, "A", IF(P2>='🎛️ PANEL DE CONTROL'!B30, "A-", IF(P2>='🎛️ PANEL DE CONTROL'!B31, "B+", IF(P2>='🎛️ PANEL DE CONTROL'!B32, "B", IF(P2>='🎛️ PANEL DE CONTROL'!B33, "B-", IF(P2>='🎛️ PANEL DE CONTROL'!B34, "C+", IF(P2>='🎛️ PANEL DE CONTROL'!B35, "C", IF(P2>='🎛️ PANEL DE CONTROL'!B36, "C-", IF(P2>='🎛️ PANEL DE CONTROL'!B37, "D", "F")))))))))) | R2: =P2-'📊 Datos Originales'!I2
A3: ='📊 Datos Originales'!A3 | B3: ='📊 Datos Originales'!B3 | C3: ='📊 Datos Originales'!C3 | D3: ='📊 Datos Originales'!D3 | E3: ='📊 Datos Originales'!E3 | F3: =(C3/600)*'🎛️ PANEL DE CONTROL'!B6 | G3: =(D3/150)*'🎛️ PANEL DE CONTROL'!B7 | H3: =(E3/250)*'🎛️ PANEL DE CONTROL'!B8 | I3: =F3+G3+H3 | J3: ==IF('📊 Datos Originales'!L3>30, '🎛️ PANEL DE CONTROL'!B13, 0)+=IF('📊 Datos Originales'!N3>80, '🎛️ PANEL DE CONTROL'!B15, 0) | K3: ==IF('📊 Datos Originales'!M3<10, '🎛️ PANEL DE CONTROL'!B14, 0)+=IF('📊 Datos Originales'!O3>24, '🎛️ PANEL DE CONTROL'!B16, 0) | L3: =MAX(0, MIN(1000, I3-J3+K3)) | M3: ='📊 Datos Originales'!H3 | N3: =IF('📊 Datos Originales'!P3="muy_nuevo", '🎛️ PANEL DE CONTROL'!B20, IF('📊 Datos Originales'!P3="nuevo", '🎛️ PANEL DE CONTROL'!B21, IF('📊 Datos Originales'!P3="intermedio", '🎛️ PANEL DE CONTROL'!B22, IF('📊 Datos Originales'!P3="establecido", '🎛️ PANEL DE CONTROL'!B23, '🎛️ PANEL DE CONTROL'!B24)))) | O3: =1-N3 | P3: =(L3*N3)+(M3*O3) | Q3: =IF(P3>='🎛️ PANEL DE CONTROL'!B28, "A+", IF(P3>='🎛️ PANEL DE CONTROL'!B29, "A", IF(P3>='🎛️ PANEL DE CONTROL'!B30, "A-", IF(P3>='🎛️ PANEL DE CONTROL'!B31, "B+", IF(P3>='🎛️ PANEL DE CONTROL'!B32, "B", IF(P3>='🎛️ PANEL DE CONTROL'!B33, "B-", IF(P3>='🎛️ PANEL DE CONTROL'!B34, "C+", IF(P3>='🎛️ PANEL DE CONTROL'!B35, "C", IF(P3>='🎛️ PANEL DE CONTROL'!B36, "C-", IF(P3>='🎛️ PANEL DE CONTROL'!B37, "D", "F")))))))))) | R3: =P3-'📊 Datos Originales'!I3
A4: ='📊 Datos Originales'!A4 | B4: ='📊 Datos Originales'!B4 | C4: ='📊 Datos Originales'!C4 | D4: ='📊 Datos Originales'!D4 | E4: ='📊 Datos Originales'!E4 | F4: =(C4/600)*'🎛️ PANEL DE CONTROL'!B6 | G4: =(D4/150)*'🎛️ PANEL DE CONTROL'!B7 | H4: =(E4/250)*'🎛️ PANEL DE CONTROL'!B8 | I4: =F4+G4+H4 | J4: ==IF('📊 Datos Originales'!L4>30, '🎛️ PANEL DE CONTROL'!B13, 0)+=IF('📊 Datos Originales'!N4>80, '🎛️ PANEL DE CONTROL'!B15, 0) | K4: ==IF('📊 Datos Originales'!M4<10, '🎛️ PANEL DE CONTROL'!B14, 0)+=IF('📊 Datos Originales'!O4>24, '🎛️ PANEL DE CONTROL'!B16, 0) | L4: =MAX(0, MIN(1000, I4-J4+K4)) | M4: ='📊 Datos Originales'!H4 | N4: =IF('📊 Datos Originales'!P4="muy_nuevo", '🎛️ PANEL DE CONTROL'!B20, IF('📊 Datos Originales'!P4="nuevo", '🎛️ PANEL DE CONTROL'!B21, IF('📊 Datos Originales'!P4="intermedio", '🎛️ PANEL DE CONTROL'!B22, IF('📊 Datos Originales'!P4="establecido", '🎛️ PANEL DE CONTROL'!B23, '🎛️ PANEL DE CONTROL'!B24)))) | O4: =1-N4 | P4: =(L4*N4)+(M4*O4) | Q4: =IF(P4>='🎛️ PANEL DE CONTROL'!B28, "A+", IF(P4>='🎛️ PANEL DE CONTROL'!B29, "A", IF(P4>='🎛️ PANEL DE CONTROL'!B30, "A-", IF(P4>='🎛️ PANEL DE CONTROL'!B31, "B+", IF(P4>='🎛️ PANEL DE CONTROL'!B32, "B", IF(P4>='🎛️ PANEL DE CONTROL'!B33, "B-", IF(P4>='🎛️ PANEL DE CONTROL'!B34, "C+", IF(P4>='🎛️ PANEL DE CONTROL'!B35, "C", IF(P4>='🎛️ PANEL DE CONTROL'!B36, "C-", IF(P4>='🎛️ PANEL DE CONTROL'!B37, "D", "F")))))))))) | R4: =P4-'📊 Datos Originales'!I4
A5: ='📊 Datos Originales'!A5 | B5: ='📊 Datos Originales'!B5 | C5: ='📊 Datos Originales'!C5 | D5: ='📊 Datos Originales'!D5 | E5: ='📊 Datos Originales'!E5 | F5: =(C5/600)*'🎛️ PANEL DE CONTROL'!B6 | G5: =(D5/150)*'🎛️ PANEL DE CONTROL'!B7 | H5: =(E5/250)*'🎛️ PANEL DE CONTROL'!B8 | I5: =F5+G5+H5 | J5: ==IF('📊 Datos Originales'!L5>30, '🎛️ PANEL DE CONTROL'!B13, 0)+=IF('📊 Datos Originales'!N5>80, '🎛️ PANEL DE CONTROL'!B15, 0) | K5: ==IF('📊 Datos Originales'!M5<10, '🎛️ PANEL DE CONTROL'!B14, 0)+=IF('📊 Datos Originales'!O5>24, '🎛️ PANEL DE CONTROL'!B16, 0) | L5: =MAX(0, MIN(1000, I5-J5+K5)) | M5: ='📊 Datos Originales'!H5 | N5: =IF('📊 Datos Originales'!P5="muy_nuevo", '🎛️ PANEL DE CONTROL'!B20, IF('📊 Datos Originales'!P5="nuevo", '🎛️ PANEL DE CONTROL'!B21, IF('📊 Datos Originales'!P5="intermedio", '🎛️ PANEL DE CONTROL'!B22, IF('📊 Datos Originales'!P5="establecido", '🎛️ PANEL DE CONTROL'!B23, '🎛️ PANEL DE CONTROL'!B24)))) | O5: =1-N5 | P5: =(L5*N5)+(M5*O5) | Q5: =IF(P5>='🎛️ PANEL DE CONTROL'!B28, "A+", IF(P5>='🎛️ PANEL DE CONTROL'!B29, "A", IF(P5>='🎛️ PANEL DE CONTROL'!B30, "A-", IF(P5>='🎛️ PANEL DE CONTROL'!B31, "B+", IF(P5>='🎛️ PANEL DE CONTROL'!B32, "B", IF(P5>='🎛️ PANEL DE CONTROL'!B33, "B-", IF(P5>='🎛️ PANEL DE CONTROL'!B34, "C+", IF(P5>='🎛️ PANEL DE CONTROL'!B35, "C", IF(P5>='🎛️ PANEL DE CONTROL'!B36, "C-", IF(P5>='🎛️ PANEL DE CONTROL'!B37, "D", "F")))))))))) | R5: =P5-'📊 Datos Originales'!I5
A6: ='📊 Datos Originales'!A6 | B6: ='📊 Datos Originales'!B6 | C6: ='📊 Datos Originales'!C6 | D6: ='📊 Datos Originales'!D6 | E6: ='📊 Datos Originales'!E6 | F6: =(C6/600)*'🎛️ PANEL DE CONTROL'!B6 | G6: =(D6/150)*'🎛️ PANEL DE CONTROL'!B7 | H6: =(E6/250)*'🎛️ PANEL DE CONTROL'!B8 | I6: =F6+G6+H6 | J6: ==IF('📊 Datos Originales'!L6>30, '🎛️ PANEL DE CONTROL'!B13, 0)+=IF('📊 Datos Originales'!N6>80, '🎛️ PANEL DE CONTROL'!B15, 0) | K6: ==IF('📊 Datos Originales'!M6<10, '🎛️ PANEL DE CONTROL'!B14, 0)+=IF('📊 Datos Originales'!O6>24, '🎛️ PANEL DE CONTROL'!B16, 0) | L6: =MAX(0, MIN(1000, I6-J6+K6)) | M6: ='📊 Datos Originales'!H6 | N6: =IF('📊 Datos Originales'!P6="muy_nuevo", '🎛️ PANEL DE CONTROL'!B20, IF('📊 Datos Originales'!P6="nuevo", '🎛️ PANEL DE CONTROL'!B21, IF('📊 Datos Originales'!P6="intermedio", '🎛️ PANEL DE CONTROL'!B22, IF('📊 Datos Originales'!P6="establecido", '🎛️ PANEL DE CONTROL'!B23, '🎛️ PANEL DE CONTROL'!B24)))) | O6: =1-N6 | P6: =(L6*N6)+(M6*O6) | Q6: =IF(P6>='🎛️ PANEL DE CONTROL'!B28, "A+", IF(P6>='🎛️ PANEL DE CONTROL'!B29, "A", IF(P6>='🎛️ PANEL DE CONTROL'!B30, "A-", IF(P6>='🎛️ PANEL DE CONTROL'!B31, "B+", IF(P6>='🎛️ PANEL DE CONTROL'!B32, "B", IF(P6>='🎛️ PANEL DE CONTROL'!B33, "B-", IF(P6>='🎛️ PANEL DE CONTROL'!B34, "C+", IF(P6>='🎛️ PANEL DE CONTROL'!B35, "C", IF(P6>='🎛️ PANEL DE CONTROL'!B36, "C-", IF(P6>='🎛️ PANEL DE CONTROL'!B37, "D", "F")))))))))) | R6: =P6-'📊 Datos Originales'!I6
A7: ='📊 Datos Originales'!A7 | B7: ='📊 Datos Originales'!B7 | C7: ='📊 Datos Originales'!C7 | D7: ='📊 Datos Originales'!D7 | E7: ='📊 Datos Originales'!E7 | F7: =(C7/600)*'🎛️ PANEL DE CONTROL'!B6 | G7: =(D7/150)*'🎛️ PANEL DE CONTROL'!B7 | H7: =(E7/250)*'🎛️ PANEL DE CONTROL'!B8 | I7: =F7+G7+H7 | J7: ==IF('📊 Datos Originales'!L7>30, '🎛️ PANEL DE CONTROL'!B13, 0)+=IF('📊 Datos Originales'!N7>80, '🎛️ PANEL DE CONTROL'!B15, 0) | K7: ==IF('📊 Datos Originales'!M7<10, '🎛️ PANEL DE CONTROL'!B14, 0)+=IF('📊 Datos Originales'!O7>24, '🎛️ PANEL DE CONTROL'!B16, 0) | L7: =MAX(0, MIN(1000, I7-J7+K7)) | M7: ='📊 Datos Originales'!H7 | N7: =IF('📊 Datos Originales'!P7="muy_nuevo", '🎛️ PANEL DE CONTROL'!B20, IF('📊 Datos Originales'!P7="nuevo", '🎛️ PANEL DE CONTROL'!B21, IF('📊 Datos Originales'!P7="intermedio", '🎛️ PANEL DE CONTROL'!B22, IF('📊 Datos Originales'!P7="establecido", '🎛️ PANEL DE CONTROL'!B23, '🎛️ PANEL DE CONTROL'!B24)))) | O7: =1-N7 | P7: =(L7*N7)+(M7*O7) | Q7: =IF(P7>='🎛️ PANEL DE CONTROL'!B28, "A+", IF(P7>='🎛️ PANEL DE CONTROL'!B29, "A", IF(P7>='🎛️ PANEL DE CONTROL'!B30, "A-", IF(P7>='🎛️ PANEL DE CONTROL'!B31, "B+", IF(P7>='🎛️ PANEL DE CONTROL'!B32, "B", IF(P7>='🎛️ PANEL DE CONTROL'!B33, "B-", IF(P7>='🎛️ PANEL DE CONTROL'!B34, "C+", IF(P7>='🎛️ PANEL DE CONTROL'!B35, "C", IF(P7>='🎛️ PANEL DE CONTROL'!B36, "C-", IF(P7>='🎛️ PANEL DE CONTROL'!B37, "D", "F")))))))))) | R7: =P7-'📊 Datos Originales'!I7
A8: ='📊 Datos Originales'!A8 | B8: ='📊 Datos Originales'!B8 | C8: ='📊 Datos Originales'!C8 | D8: ='📊 Datos Originales'!D8 | E8: ='📊 Datos Originales'!E8 | F8: =(C8/600)*'🎛️ PANEL DE CONTROL'!B6 | G8: =(D8/150)*'🎛️ PANEL DE CONTROL'!B7 | H8: =(E8/250)*'🎛️ PANEL DE CONTROL'!B8 | I8: =F8+G8+H8 | J8: ==IF('📊 Datos Originales'!L8>30, '🎛️ PANEL DE CONTROL'!B13, 0)+=IF('📊 Datos Originales'!N8>80, '🎛️ PANEL DE CONTROL'!B15, 0) | K8: ==IF('📊 Datos Originales'!M8<10, '🎛️ PANEL DE CONTROL'!B14, 0)+=IF('📊 Datos Originales'!O8>24, '🎛️ PANEL DE CONTROL'!B16, 0) | L8: =MAX(0, MIN(1000, I8-J8+K8)) | M8: ='📊 Datos Originales'!H8 | N8: =IF('📊 Datos Originales'!P8="muy_nuevo", '🎛️ PANEL DE CONTROL'!B20, IF('📊 Datos Originales'!P8="nuevo", '🎛️ PANEL DE CONTROL'!B21, IF('📊 Datos Originales'!P8="intermedio", '🎛️ PANEL DE CONTROL'!B22, IF('📊 Datos Originales'!P8="establecido", '🎛️ PANEL DE CONTROL'!B23, '🎛️ PANEL DE CONTROL'!B24)))) | O8: =1-N8 | P8: =(L8*N8)+(M8*O8) | Q8: =IF(P8>='🎛️ PANEL DE CONTROL'!B28, "A+", IF(P8>='🎛️ PANEL DE CONTROL'!B29, "A", IF(P8>='🎛️ PANEL DE CONTROL'!B30, "A-", IF(P8>='🎛️ PANEL DE CONTROL'!B31, "B+", IF(P8>='🎛️ PANEL DE CONTROL'!B32, "B", IF(P8>='🎛️ PANEL DE CONTROL'!B33, "B-", IF(P8>='🎛️ PANEL DE CONTROL'!B34, "C+", IF(P8>='🎛️ PANEL DE CONTROL'!B35, "C", IF(P8>='🎛️ PANEL DE CONTROL'!B36, "C-", IF(P8>='🎛️ PANEL DE CONTROL'!B37, "D", "F")))))))))) | R8: =P8-'📊 Datos Originales'!I8
A9: ='📊 Datos Originales'!A9 | B9: ='📊 Datos Originales'!B9 | C9: ='📊 Datos Originales'!C9 | D9: ='📊 Datos Originales'!D9 | E9: ='📊 Datos Originales'!E9 | F9: =(C9/600)*'🎛️ PANEL DE CONTROL'!B6 | G9: =(D9/150)*'🎛️ PANEL DE CONTROL'!B7 | H9: =(E9/250)*'🎛️ PANEL DE CONTROL'!B8 | I9: =F9+G9+H9 | J9: ==IF('📊 Datos Originales'!L9>30, '🎛️ PANEL DE CONTROL'!B13, 0)+=IF('📊 Datos Originales'!N9>80, '🎛️ PANEL DE CONTROL'!B15, 0) | K9: ==IF('📊 Datos Originales'!M9<10, '🎛️ PANEL DE CONTROL'!B14, 0)+=IF('📊 Datos Originales'!O9>24, '🎛️ PANEL DE CONTROL'!B16, 0) | L9: =MAX(0, MIN(1000, I9-J9+K9)) | M9: ='📊 Datos Originales'!H9 | N9: =IF('📊 Datos Originales'!P9="muy_nuevo", '🎛️ PANEL DE CONTROL'!B20, IF('📊 Datos Originales'!P9="nuevo", '🎛️ PANEL DE CONTROL'!B21, IF('📊 Datos Originales'!P9="intermedio", '🎛️ PANEL DE CONTROL'!B22, IF('📊 Datos Originales'!P9="establecido", '🎛️ PANEL DE CONTROL'!B23, '🎛️ PANEL DE CONTROL'!B24)))) | O9: =1-N9 | P9: =(L9*N9)+(M9*O9) | Q9: =IF(P9>='🎛️ PANEL DE CONTROL'!B28, "A+", IF(P9>='🎛️ PANEL DE CONTROL'!B29, "A", IF(P9>='🎛️ PANEL DE CONTROL'!B30, "A-", IF(P9>='🎛️ PANEL DE CONTROL'!B31, "B+", IF(P9>='🎛️ PANEL DE CONTROL'!B32, "B", IF(P9>='🎛️ PANEL DE CONTROL'!B33, "B-", IF(P9>='🎛️ PANEL DE CONTROL'!B34, "C+", IF(P9>='🎛️ PANEL DE CONTROL'!B35, "C", IF(P9>='🎛️ PANEL DE CONTROL'!B36, "C-", IF(P9>='🎛️ PANEL DE CONTROL'!B37, "D", "F")))))))))) | R9: =P9-'📊 Datos Originales'!I9
A10: ='📊 Datos Originales'!A10 | B10: ='📊 Datos Originales'!B10 | C10: ='📊 Datos Originales'!C10 | D10: ='📊 Datos Originales'!D10 | E10: ='📊 Datos Originales'!E10 | F10: =(C10/600)*'🎛️ PANEL DE CONTROL'!B6 | G10: =(D10/150)*'🎛️ PANEL DE CONTROL'!B7 | H10: =(E10/250)*'🎛️ PANEL DE CONTROL'!B8 | I10: =F10+G10+H10 | J10: ==IF('📊 Datos Originales'!L10>30, '🎛️ PANEL DE CONTROL'!B13, 0)+=IF('📊 Datos Originales'!N10>80, '🎛️ PANEL DE CONTROL'!B15, 0) | K10: ==IF('📊 Datos Originales'!M10<10, '🎛️ PANEL DE CONTROL'!B14, 0)+=IF('📊 Datos Originales'!O10>24, '🎛️ PANEL DE CONTROL'!B16, 0) | L10: =MAX(0, MIN(1000, I10-J10+K10)) | M10: ='📊 Datos Originales'!H10 | N10: =IF('📊 Datos Originales'!P10="muy_nuevo", '🎛️ PANEL DE CONTROL'!B20, IF('📊 Datos Originales'!P10="nuevo", '🎛️ PANEL DE CONTROL'!B21, IF('📊 Datos Originales'!P10="intermedio", '🎛️ PANEL DE CONTROL'!B22, IF('📊 Datos Originales'!P10="establecido", '🎛️ PANEL DE CONTROL'!B23, '🎛️ PANEL DE CONTROL'!B24)))) | O10: =1-N10 | P10: =(L10*N10)+(M10*O10) | Q10: =IF(P10>='🎛️ PANEL DE CONTROL'!B28, "A+", IF(P10>='🎛️ PANEL DE CONTROL'!B29, "A", IF(P10>='🎛️ PANEL DE CONTROL'!B30, "A-", IF(P10>='🎛️ PANEL DE CONTROL'!B31, "B+", IF(P10>='🎛️ PANEL DE CONTROL'!B32, "B", IF(P10>='🎛️ PANEL DE CONTROL'!B33, "B-", IF(P10>='🎛️ PANEL DE CONTROL'!B34, "C+", IF(P10>='🎛️ PANEL DE CONTROL'!B35, "C", IF(P10>='🎛️ PANEL DE CONTROL'!B36, "C-", IF(P10>='🎛️ PANEL DE CONTROL'!B37, "D", "F")))))))))) | R10: =P10-'📊 Datos Originales'!I10
A11: ='📊 Datos Originales'!A11 | B11: ='📊 Datos Originales'!B11 | C11: ='📊 Datos Originales'!C11 | D11: ='📊 Datos Originales'!D11 | E11: ='📊 Datos Originales'!E11 | F11: =(C11/600)*'🎛️ PANEL DE CONTROL'!B6 | G11: =(D11/150)*'🎛️ PANEL DE CONTROL'!B7 | H11: =(E11/250)*'🎛️ PANEL DE CONTROL'!B8 | I11: =F11+G11+H11 | J11: ==IF('📊 Datos Originales'!L11>30, '🎛️ PANEL DE CONTROL'!B13, 0)+=IF('📊 Datos Originales'!N11>80, '🎛️ PANEL DE CONTROL'!B15, 0) | K11: ==IF('📊 Datos Originales'!M11<10, '🎛️ PANEL DE CONTROL'!B14, 0)+=IF('📊 Datos Originales'!O11>24, '🎛️ PANEL DE CONTROL'!B16, 0) | L11: =MAX(0, MIN(1000, I11-J11+K11)) | M11: ='📊 Datos Originales'!H11 | N11: =IF('📊 Datos Originales'!P11="muy_nuevo", '🎛️ PANEL DE CONTROL'!B20, IF('📊 Datos Originales'!P11="nuevo", '🎛️ PANEL DE CONTROL'!B21, IF('📊 Datos Originales'!P11="intermedio", '🎛️ PANEL DE CONTROL'!B22, IF('📊 Datos Originales'!P11="establecido", '🎛️ PANEL DE CONTROL'!B23, '🎛️ PANEL DE CONTROL'!B24)))) | O11: =1-N11 | P11: =(L11*N11)+(M11*O11) | Q11: =IF(P11>='🎛️ PANEL DE CONTROL'!B28, "A+", IF(P11>='🎛️ PANEL DE CONTROL'!B29, "A", IF(P11>='🎛️ PANEL DE CONTROL'!B30, "A-", IF(P11>='🎛️ PANEL DE CONTROL'!B31, "B+", IF(P11>='🎛️ PANEL DE CONTROL'!B32, "B", IF(P11>='🎛️ PANEL DE CONTROL'!B33, "B-", IF(P11>='🎛️ PANEL DE CONTROL'!B34, "C+", IF(P11>='🎛️ PANEL DE CONTROL'!B35, "C", IF(P11>='🎛️ PANEL DE CONTROL'!B36, "C-", IF(P11>='🎛️ PANEL DE CONTROL'!B37, "D", "F")))))))))) | R11: =P11-'📊 Datos Originales'!I11
A12: ='📊 Datos Originales'!A12 | B12: ='📊 Datos Originales'!B12 | C12: ='📊 Datos Originales'!C12 | D12: ='📊 Datos Originales'!D12 | E12: ='📊 Datos Originales'!E12 | F12: =(C12/600)*'🎛️ PANEL DE CONTROL'!B6 | G12: =(D12/150)*'🎛️ PANEL DE CONTROL'!B7 | H12: =(E12/250)*'🎛️ PANEL DE CONTROL'!B8 | I12: =F12+G12+H12 | J12: ==IF('📊 Datos Originales'!L12>30, '🎛️ PANEL DE CONTROL'!B13, 0)+=IF('📊 Datos Originales'!N12>80, '🎛️ PANEL DE CONTROL'!B15, 0) | K12: ==IF('📊 Datos Originales'!M12<10, '🎛️ PANEL DE CONTROL'!B14, 0)+=IF('📊 Datos Originales'!O12>24, '🎛️ PANEL DE CONTROL'!B16, 0) | L12: =MAX(0, MIN(1000, I12-J12+K12)) | M12: ='📊 Datos Originales'!H12 | N12: =IF('📊 Datos Originales'!P12="muy_nuevo", '🎛️ PANEL DE CONTROL'!B20, IF('📊 Datos Originales'!P12="nuevo", '🎛️ PANEL DE CONTROL'!B21, IF('📊 Datos Originales'!P12="intermedio", '🎛️ PANEL DE CONTROL'!B22, IF('📊 Datos Originales'!P12="establecido", '🎛️ PANEL DE CONTROL'!B23, '🎛️ PANEL DE CONTROL'!B24)))) | O12: =1-N12 | P12: =(L12*N12)+(M12*O12) | Q12: =IF(P12>='🎛️ PANEL DE CONTROL'!B28, "A+", IF(P12>='🎛️ PANEL DE CONTROL'!B29, "A", IF(P12>='🎛️ PANEL DE CONTROL'!B30, "A-", IF(P12>='🎛️ PANEL DE CONTROL'!B31, "B+", IF(P12>='🎛️ PANEL DE CONTROL'!B32, "B", IF(P12>='🎛️ PANEL DE CONTROL'!B33, "B-", IF(P12>='🎛️ PANEL DE CONTROL'!B34, "C+", IF(P12>='🎛️ PANEL DE CONTROL'!B35, "C", IF(P12>='🎛️ PANEL DE CONTROL'!B36, "C-", IF(P12>='🎛️ PANEL DE CONTROL'!B37, "D", "F")))))))))) | R12: =P12-'📊 Datos Originales'!I12
A13: ='📊 Datos Originales'!A13 | B13: ='📊 Datos Originales'!B13 | C13: ='📊 Datos Originales'!C13 | D13: ='📊 Datos Originales'!D13 | E13: ='📊 Datos Originales'!E13 | F13: =(C13/600)*'🎛️ PANEL DE CONTROL'!B6 | G13: =(D13/150)*'🎛️ PANEL DE CONTROL'!B7 | H13: =(E13/250)*'🎛️ PANEL DE CONTROL'!B8 | I13: =F13+G13+H13 | J13: ==IF('📊 Datos Originales'!L13>30, '🎛️ PANEL DE CONTROL'!B13, 0)+=IF('📊 Datos Originales'!N13>80, '🎛️ PANEL DE CONTROL'!B15, 0) | K13: ==IF('📊 Datos Originales'!M13<10, '🎛️ PANEL DE CONTROL'!B14, 0)+=IF('📊 Datos Originales'!O13>24, '🎛️ PANEL DE CONTROL'!B16, 0) | L13: =MAX(0, MIN(1000, I13-J13+K13)) | M13: ='📊 Datos Originales'!H13 | N13: =IF('📊 Datos Originales'!P13="muy_nuevo", '🎛️ PANEL DE CONTROL'!B20, IF('📊 Datos Originales'!P13="nuevo", '🎛️ PANEL DE CONTROL'!B21, IF('📊 Datos Originales'!P13="intermedio", '🎛️ PANEL DE CONTROL'!B22, IF('📊 Datos Originales'!P13="establecido", '🎛️ PANEL DE CONTROL'!B23, '🎛️ PANEL DE CONTROL'!B24)))) | O13: =1-N13 | P13: =(L13*N13)+(M13*O13) | Q13: =IF(P13>='🎛️ PANEL DE CONTROL'!B28, "A+", IF(P13>='🎛️ PANEL DE CONTROL'!B29, "A", IF(P13>='🎛️ PANEL DE CONTROL'!B30, "A-", IF(P13>='🎛️ PANEL DE CONTROL'!B31, "B+", IF(P13>='🎛️ PANEL DE CONTROL'!B32, "B", IF(P13>='🎛️ PANEL DE CONTROL'!B33, "B-", IF(P13>='🎛️ PANEL DE CONTROL'!B34, "C+", IF(P13>='🎛️ PANEL DE CONTROL'!B35, "C", IF(P13>='🎛️ PANEL DE CONTROL'!B36, "C-", IF(P13>='🎛️ PANEL DE CONTROL'!B37, "D", "F")))))))))) | R13: =P13-'📊 Datos Originales'!I13
A14: ='📊 Datos Originales'!A14 | B14: ='📊 Datos Originales'!B14 | C14: ='📊 Datos Originales'!C14 | D14: ='📊 Datos Originales'!D14 | E14: ='📊 Datos Originales'!E14 | F14: =(C14/600)*'🎛️ PANEL DE CONTROL'!B6 | G14: =(D14/150)*'🎛️ PANEL DE CONTROL'!B7 | H14: =(E14/250)*'🎛️ PANEL DE CONTROL'!B8 | I14: =F14+G14+H14 | J14: ==IF('📊 Datos Originales'!L14>30, '🎛️ PANEL DE CONTROL'!B13, 0)+=IF('📊 Datos Originales'!N14>80, '🎛️ PANEL DE CONTROL'!B15, 0) | K14: ==IF('📊 Datos Originales'!M14<10, '🎛️ PANEL DE CONTROL'!B14, 0)+=IF('📊 Datos Originales'!O14>24, '🎛️ PANEL DE CONTROL'!B16, 0) | L14: =MAX(0, MIN(1000, I14-J14+K14)) | M14: ='📊 Datos Originales'!H14 | N14: =IF('📊 Datos Originales'!P14="muy_nuevo", '🎛️ PANEL DE CONTROL'!B20, IF('📊 Datos Originales'!P14="nuevo", '🎛️ PANEL DE CONTROL'!B21, IF('📊 Datos Originales'!P14="intermedio", '🎛️ PANEL DE CONTROL'!B22, IF('📊 Datos Originales'!P14="establecido", '🎛️ PANEL DE CONTROL'!B23, '🎛️ PANEL DE CONTROL'!B24)))) | O14: =1-N14 | P14: =(L14*N14)+(M14*O14) | Q14: =IF(P14>='🎛️ PANEL DE CONTROL'!B28, "A+", IF(P14>='🎛️ PANEL DE CONTROL'!B29, "A", IF(P14>='🎛️ PANEL DE CONTROL'!B30, "A-", IF(P14>='🎛️ PANEL DE CONTROL'!B31, "B+", IF(P14>='🎛️ PANEL DE CONTROL'!B32, "B", IF(P14>='🎛️ PANEL DE CONTROL'!B33, "B-", IF(P14>='🎛️ PANEL DE CONTROL'!B34, "C+", IF(P14>='🎛️ PANEL DE CONTROL'!B35, "C", IF(P14>='🎛️ PANEL DE CONTROL'!B36, "C-", IF(P14>='🎛️ PANEL DE CONTROL'!B37, "D", "F")))))))))) | R14: =P14-'📊 Datos Originales'!I14
A15: ='📊 Datos Originales'!A15 | B15: ='📊 Datos Originales'!B15 | C15: ='📊 Datos Originales'!C15 | D15: ='📊 Datos Originales'!D15 | E15: ='📊 Datos Originales'!E15 | F15: =(C15/600)*'🎛️ PANEL DE CONTROL'!B6 | G15: =(D15/150)*'🎛️ PANEL DE CONTROL'!B7 | H15: =(E15/250)*'🎛️ PANEL DE CONTROL'!B8 | I15: =F15+G15+H15 | J15: ==IF('📊 Datos Originales'!L15>30, '🎛️ PANEL DE CONTROL'!B13, 0)+=IF('📊 Datos Originales'!N15>80, '🎛️ PANEL DE CONTROL'!B15, 0) | K15: ==IF('📊 Datos Originales'!M15<10, '🎛️ PANEL DE CONTROL'!B14, 0)+=IF('📊 Datos Originales'!O15>24, '🎛️ PANEL DE CONTROL'!B16, 0) | L15: =MAX(0, MIN(1000, I15-J15+K15)) | M15: ='📊 Datos Originales'!H15 | N15: =IF('📊 Datos Originales'!P15="muy_nuevo", '🎛️ PANEL DE CONTROL'!B20, IF('📊 Datos Originales'!P15="nuevo", '🎛️ PANEL DE CONTROL'!B21, IF('📊 Datos Originales'!P15="intermedio", '🎛️ PANEL DE CONTROL'!B22, IF('📊 Datos Originales'!P15="establecido", '🎛️ PANEL DE CONTROL'!B23, '🎛️ PANEL DE CONTROL'!B24)))) | O15: =1-N15 | P15: =(L15*N15)+(M15*O15) | Q15: =IF(P15>='🎛️ PANEL DE CONTROL'!B28, "A+", IF(P15>='🎛️ PANEL DE CONTROL'!B29, "A", IF(P15>='🎛️ PANEL DE CONTROL'!B30, "A-", IF(P15>='🎛️ PANEL DE CONTROL'!B31, "B+", IF(P15>='🎛️ PANEL DE CONTROL'!B32, "B", IF(P15>='🎛️ PANEL DE CONTROL'!B33, "B-", IF(P15>='🎛️ PANEL DE CONTROL'!B34, "C+", IF(P15>='🎛️ PANEL DE CONTROL'!B35, "C", IF(P15>='🎛️ PANEL DE CONTROL'!B36, "C-", IF(P15>='🎛️ PANEL DE CONTROL'!B37, "D", "F")))))))))) | R15: =P15-'📊 Datos Originales'!I15
A16: ='📊 Datos Originales'!A16 | B16: ='📊 Datos Originales'!B16 | C16: ='📊 Datos Originales'!C16 | D16: ='📊 Datos Originales'!D16 | E16: ='📊 Datos Originales'!E16 | F16: =(C16/600)*'🎛️ PANEL DE CONTROL'!B6 | G16: =(D16/150)*'🎛️ PANEL DE CONTROL'!B7 | H16: =(E16/250)*'🎛️ PANEL DE CONTROL'!B8 | I16: =F16+G16+H16 | J16: ==IF('📊 Datos Originales'!L16>30, '🎛️ PANEL DE CONTROL'!B13, 0)+=IF('📊 Datos Originales'!N16>80, '🎛️ PANEL DE CONTROL'!B15, 0) | K16: ==IF('📊 Datos Originales'!M16<10, '🎛️ PANEL DE CONTROL'!B14, 0)+=IF('📊 Datos Originales'!O16>24, '🎛️ PANEL DE CONTROL'!B16, 0) | L16: =MAX(0, MIN(1000, I16-J16+K16)) | M16: ='📊 Datos Originales'!H16 | N16: =IF('📊 Datos Originales'!P16="muy_nuevo", '🎛️ PANEL DE CONTROL'!B20, IF('📊 Datos Originales'!P16="nuevo", '🎛️ PANEL DE CONTROL'!B21, IF('📊 Datos Originales'!P16="intermedio", '🎛️ PANEL DE CONTROL'!B22, IF('📊 Datos Originales'!P16="establecido", '🎛️ PANEL DE CONTROL'!B23, '🎛️ PANEL DE CONTROL'!B24)))) | O16: =1-N16 | P16: =(L16*N16)+(M16*O16) | Q16: =IF(P16>='🎛️ PANEL DE CONTROL'!B28, "A+", IF(P16>='🎛️ PANEL DE CONTROL'!B29, "A", IF(P16>='🎛️ PANEL DE CONTROL'!B30, "A-", IF(P16>='🎛️ PANEL DE CONTROL'!B31, "B+", IF(P16>='🎛️ PANEL DE CONTROL'!B32, "B", IF(P16>='🎛️ PANEL DE CONTROL'!B33, "B-", IF(P16>='🎛️ PANEL DE CONTROL'!B34, "C+", IF(P16>='🎛️ PANEL DE CONTROL'!B35, "C", IF(P16>='🎛️ PANEL DE CONTROL'!B36, "C-", IF(P16>='🎛️ PANEL DE CONTROL'!B37, "D", "F")))))))))) | R16: =P16-'📊 Datos Originales'!I16
A17: ='📊 Datos Originales'!A17 | B17: ='📊 Datos Originales'!B17 | C17: ='📊 Datos Originales'!C17 | D17: ='📊 Datos Originales'!D17 | E17: ='📊 Datos Originales'!E17 | F17: =(C17/600)*'🎛️ PANEL DE CONTROL'!B6 | G17: =(D17/150)*'🎛️ PANEL DE CONTROL'!B7 | H17: =(E17/250)*'🎛️ PANEL DE CONTROL'!B8 | I17: =F17+G17+H17 | J17: ==IF('📊 Datos Originales'!L17>30, '🎛️ PANEL DE CONTROL'!B13, 0)+=IF('📊 Datos Originales'!N17>80, '🎛️ PANEL DE CONTROL'!B15, 0) | K17: ==IF('📊 Datos Originales'!M17<10, '🎛️ PANEL DE CONTROL'!B14, 0)+=IF('📊 Datos Originales'!O17>24, '🎛️ PANEL DE CONTROL'!B16, 0) | L17: =MAX(0, MIN(1000, I17-J17+K17)) | M17: ='📊 Datos Originales'!H17 | N17: =IF('📊 Datos Originales'!P17="muy_nuevo", '🎛️ PANEL DE CONTROL'!B20, IF('📊 Datos Originales'!P17="nuevo", '🎛️ PANEL DE CONTROL'!B21, IF('📊 Datos Originales'!P17="intermedio", '🎛️ PANEL DE CONTROL'!B22, IF('📊 Datos Originales'!P17="establecido", '🎛️ PANEL DE CONTROL'!B23, '🎛️ PANEL DE CONTROL'!B24)))) | O17: =1-N17 | P17: =(L17*N17)+(M17*O17) | Q17: =IF(P17>='🎛️ PANEL DE CONTROL'!B28, "A+", IF(P17>='🎛️ PANEL DE CONTROL'!B29, "A", IF(P17>='🎛️ PANEL DE CONTROL'!B30, "A-", IF(P17>='🎛️ PANEL DE CONTROL'!B31, "B+", IF(P17>='🎛️ PANEL DE CONTROL'!B32, "B", IF(P17>='🎛️ PANEL DE CONTROL'!B33, "B-", IF(P17>='🎛️ PANEL DE CONTROL'!B34, "C+", IF(P17>='🎛️ PANEL DE CONTROL'!B35, "C", IF(P17>='🎛️ PANEL DE CONTROL'!B36, "C-", IF(P17>='🎛️ PANEL DE CONTROL'!B37, "D", "F")))))))))) | R17: =P17-'📊 Datos Originales'!I17
A18: ='📊 Datos Originales'!A18 | B18: ='📊 Datos Originales'!B18 | C18: ='📊 Datos Originales'!C18 | D18: ='📊 Datos Originales'!D18 | E18: ='📊 Datos Originales'!E18 | F18: =(C18/600)*'🎛️ PANEL DE CONTROL'!B6 | G18: =(D18/150)*'🎛️ PANEL DE CONTROL'!B7 | H18: =(E18/250)*'🎛️ PANEL DE CONTROL'!B8 | I18: =F18+G18+H18 | J18: ==IF('📊 Datos Originales'!L18>30, '🎛️ PANEL DE CONTROL'!B13, 0)+=IF('📊 Datos Originales'!N18>80, '🎛️ PANEL DE CONTROL'!B15, 0) | K18: ==IF('📊 Datos Originales'!M18<10, '🎛️ PANEL DE CONTROL'!B14, 0)+=IF('📊 Datos Originales'!O18>24, '🎛️ PANEL DE CONTROL'!B16, 0) | L18: =MAX(0, MIN(1000, I18-J18+K18)) | M18: ='📊 Datos Originales'!H18 | N18: =IF('📊 Datos Originales'!P18="muy_nuevo", '🎛️ PANEL DE CONTROL'!B20, IF('📊 Datos Originales'!P18="nuevo", '🎛️ PANEL DE CONTROL'!B21, IF('📊 Datos Originales'!P18="intermedio", '🎛️ PANEL DE CONTROL'!B22, IF('📊 Datos Originales'!P18="establecido", '🎛️ PANEL DE CONTROL'!B23, '🎛️ PANEL DE CONTROL'!B24)))) | O18: =1-N18 | P18: =(L18*N18)+(M18*O18) | Q18: =IF(P18>='🎛️ PANEL DE CONTROL'!B28, "A+", IF(P18>='🎛️ PANEL DE CONTROL'!B29, "A", IF(P18>='🎛️ PANEL DE CONTROL'!B30, "A-", IF(P18>='🎛️ PANEL DE CONTROL'!B31, "B+", IF(P18>='🎛️ PANEL DE CONTROL'!B32, "B", IF(P18>='🎛️ PANEL DE CONTROL'!B33, "B-", IF(P18>='🎛️ PANEL DE CONTROL'!B34, "C+", IF(P18>='🎛️ PANEL DE CONTROL'!B35, "C", IF(P18>='🎛️ PANEL DE CONTROL'!B36, "C-", IF(P18>='🎛️ PANEL DE CONTROL'!B37, "D", "F")))))))))) | R18: =P18-'📊 Datos Originales'!I18
A19: ='📊 Datos Originales'!A19 | B19: ='📊 Datos Originales'!B19 | C19: ='📊 Datos Originales'!C19 | D19: ='📊 Datos Originales'!D19 | E19: ='📊 Datos Originales'!E19 | F19: =(C19/600)*'🎛️ PANEL DE CONTROL'!B6 | G19: =(D19/150)*'🎛️ PANEL DE CONTROL'!B7 | H19: =(E19/250)*'🎛️ PANEL DE CONTROL'!B8 | I19: =F19+G19+H19 | J19: ==IF('📊 Datos Originales'!L19>30, '🎛️ PANEL DE CONTROL'!B13, 0)+=IF('📊 Datos Originales'!N19>80, '🎛️ PANEL DE CONTROL'!B15, 0) | K19: ==IF('📊 Datos Originales'!M19<10, '🎛️ PANEL DE CONTROL'!B14, 0)+=IF('📊 Datos Originales'!O19>24, '🎛️ PANEL DE CONTROL'!B16, 0) | L19: =MAX(0, MIN(1000, I19-J19+K19)) | M19: ='📊 Datos Originales'!H19 | N19: =IF('📊 Datos Originales'!P19="muy_nuevo", '🎛️ PANEL DE CONTROL'!B20, IF('📊 Datos Originales'!P19="nuevo", '🎛️ PANEL DE CONTROL'!B21, IF('📊 Datos Originales'!P19="intermedio", '🎛️ PANEL DE CONTROL'!B22, IF('📊 Datos Originales'!P19="establecido", '🎛️ PANEL DE CONTROL'!B23, '🎛️ PANEL DE CONTROL'!B24)))) | O19: =1-N19 | P19: =(L19*N19)+(M19*O19) | Q19: =IF(P19>='🎛️ PANEL DE CONTROL'!B28, "A+", IF(P19>='🎛️ PANEL DE CONTROL'!B29, "A", IF(P19>='🎛️ PANEL DE CONTROL'!B30, "A-", IF(P19>='🎛️ PANEL DE CONTROL'!B31, "B+", IF(P19>='🎛️ PANEL DE CONTROL'!B32, "B", IF(P19>='🎛️ PANEL DE CONTROL'!B33, "B-", IF(P19>='🎛️ PANEL DE CONTROL'!B34, "C+", IF(P19>='🎛️ PANEL DE CONTROL'!B35, "C", IF(P19>='🎛️ PANEL DE CONTROL'!B36, "C-", IF(P19>='🎛️ PANEL DE CONTROL'!B37, "D", "F")))))))))) | R19: =P19-'📊 Datos Originales'!I19
A20: ='📊 Datos Originales'!A20 | B20: ='📊 Datos Originales'!B20 | C20: ='📊 Datos Originales'!C20 | D20: ='📊 Datos Originales'!D20 | E20: ='📊 Datos Originales'!E20 | F20: =(C20/600)*'🎛️ PANEL DE CONTROL'!B6 | G20: =(D20/150)*'🎛️ PANEL DE CONTROL'!B7 | H20: =(E20/250)*'🎛️ PANEL DE CONTROL'!B8 | I20: =F20+G20+H20 | J20: ==IF('📊 Datos Originales'!L20>30, '🎛️ PANEL DE CONTROL'!B13, 0)+=IF('📊 Datos Originales'!N20>80, '🎛️ PANEL DE CONTROL'!B15, 0) | K20: ==IF('📊 Datos Originales'!M20<10, '🎛️ PANEL DE CONTROL'!B14, 0)+=IF('📊 Datos Originales'!O20>24, '🎛️ PANEL DE CONTROL'!B16, 0) | L20: =MAX(0, MIN(1000, I20-J20+K20)) | M20: ='📊 Datos Originales'!H20 | N20: =IF('📊 Datos Originales'!P20="muy_nuevo", '🎛️ PANEL DE CONTROL'!B20, IF('📊 Datos Originales'!P20="nuevo", '🎛️ PANEL DE CONTROL'!B21, IF('📊 Datos Originales'!P20="intermedio", '🎛️ PANEL DE CONTROL'!B22, IF('📊 Datos Originales'!P20="establecido", '🎛️ PANEL DE CONTROL'!B23, '🎛️ PANEL DE CONTROL'!B24)))) | O20: =1-N20 | P20: =(L20*N20)+(M20*O20) | Q20: =IF(P20>='🎛️ PANEL DE CONTROL'!B28, "A+", IF(P20>='🎛️ PANEL DE CONTROL'!B29, "A", IF(P20>='🎛️ PANEL DE CONTROL'!B30, "A-", IF(P20>='🎛️ PANEL DE CONTROL'!B31, "B+", IF(P20>='🎛️ PANEL DE CONTROL'!B32, "B", IF(P20>='🎛️ PANEL DE CONTROL'!B33, "B-", IF(P20>='🎛️ PANEL DE CONTROL'!B34, "C+", IF(P20>='🎛️ PANEL DE CONTROL'!B35, "C", IF(P20>='🎛️ PANEL DE CONTROL'!B36, "C-", IF(P20>='🎛️ PANEL DE CONTROL'!B37, "D", "F")))))))))) | R20: =P20-'📊 Datos Originales'!I20
A21: ='📊 Datos Originales'!A21 | B21: ='📊 Datos Originales'!B21 | C21: ='📊 Datos Originales'!C21 | D21: ='📊 Datos Originales'!D21 | E21: ='📊 Datos Originales'!E21 | F21: =(C21/600)*'🎛️ PANEL DE CONTROL'!B6 | G21: =(D21/150)*'🎛️ PANEL DE CONTROL'!B7 | H21: =(E21/250)*'🎛️ PANEL DE CONTROL'!B8 | I21: =F21+G21+H21 | J21: ==IF('📊 Datos Originales'!L21>30, '🎛️ PANEL DE CONTROL'!B13, 0)+=IF('📊 Datos Originales'!N21>80, '🎛️ PANEL DE CONTROL'!B15, 0) | K21: ==IF('📊 Datos Originales'!M21<10, '🎛️ PANEL DE CONTROL'!B14, 0)+=IF('📊 Datos Originales'!O21>24, '🎛️ PANEL DE CONTROL'!B16, 0) | L21: =MAX(0, MIN(1000, I21-J21+K21)) | M21: ='📊 Datos Originales'!H21 | N21: =IF('📊 Datos Originales'!P21="muy_nuevo", '🎛️ PANEL DE CONTROL'!B20, IF('📊 Datos Originales'!P21="nuevo", '🎛️ PANEL DE CONTROL'!B21, IF('📊 Datos Originales'!P21="intermedio", '🎛️ PANEL DE CONTROL'!B22, IF('📊 Datos Originales'!P21="establecido", '🎛️ PANEL DE CONTROL'!B23, '🎛️ PANEL DE CONTROL'!B24)))) | O21: =1-N21 | P21: =(L21*N21)+(M21*O21) | Q21: =IF(P21>='🎛️ PANEL DE CONTROL'!B28, "A+", IF(P21>='🎛️ PANEL DE CONTROL'!B29, "A", IF(P21>='🎛️ PANEL DE CONTROL'!B30, "A-", IF(P21>='🎛️ PANEL DE CONTROL'!B31, "B+", IF(P21>='🎛️ PANEL DE CONTROL'!B32, "B", IF(P21>='🎛️ PANEL DE CONTROL'!B33, "B-", IF(P21>='🎛️ PANEL DE CONTROL'!B34, "C+", IF(P21>='🎛️ PANEL DE CONTROL'!B35, "C", IF(P21>='🎛️ PANEL DE CONTROL'!B36, "C-", IF(P21>='🎛️ PANEL DE CONTROL'!B37, "D", "F")))))))))) | R21: =P21-'📊 Datos Originales'!I21
A22: ='📊 Datos Originales'!A22 | B22: ='📊 Datos Originales'!B22 | C22: ='📊 Datos Originales'!C22 | D22: ='📊 Datos Originales'!D22 | E22: ='📊 Datos Originales'!E22 | F22: =(C22/600)*'🎛️ PANEL DE CONTROL'!B6 | G22: =(D22/150)*'🎛️ PANEL DE CONTROL'!B7 | H22: =(E22/250)*'🎛️ PANEL DE CONTROL'!B8 | I22: =F22+G22+H22 | J22: ==IF('📊 Datos Originales'!L22>30, '🎛️ PANEL DE CONTROL'!B13, 0)+=IF('📊 Datos Originales'!N22>80, '🎛️ PANEL DE CONTROL'!B15, 0) | K22: ==IF('📊 Datos Originales'!M22<10, '🎛️ PANEL DE CONTROL'!B14, 0)+=IF('📊 Datos Originales'!O22>24, '🎛️ PANEL DE CONTROL'!B16, 0) | L22: =MAX(0, MIN(1000, I22-J22+K22)) | M22: ='📊 Datos Originales'!H22 | N22: =IF('📊 Datos Originales'!P22="muy_nuevo", '🎛️ PANEL DE CONTROL'!B20, IF('📊 Datos Originales'!P22="nuevo", '🎛️ PANEL DE CONTROL'!B21, IF('📊 Datos Originales'!P22="intermedio", '🎛️ PANEL DE CONTROL'!B22, IF('📊 Datos Originales'!P22="establecido", '🎛️ PANEL DE CONTROL'!B23, '🎛️ PANEL DE CONTROL'!B24)))) | O22: =1-N22 | P22: =(L22*N22)+(M22*O22) | Q22: =IF(P22>='🎛️ PANEL DE CONTROL'!B28, "A+", IF(P22>='🎛️ PANEL DE CONTROL'!B29, "A", IF(P22>='🎛️ PANEL DE CONTROL'!B30, "A-", IF(P22>='🎛️ PANEL DE CONTROL'!B31, "B+", IF(P22>='🎛️ PANEL DE CONTROL'!B32, "B", IF(P22>='🎛️ PANEL DE CONTROL'!B33, "B-", IF(P22>='🎛️ PANEL DE CONTROL'!B34, "C+", IF(P22>='🎛️ PANEL DE CONTROL'!B35, "C", IF(P22>='🎛️ PANEL DE CONTROL'!B36, "C-", IF(P22>='🎛️ PANEL DE CONTROL'!B37, "D", "F")))))))))) | R22: =P22-'📊 Datos Originales'!I22
A23: ='📊 Datos Originales'!A23 | B23: ='📊 Datos Originales'!B23 | C23: ='📊 Datos Originales'!C23 | D23: ='📊 Datos Originales'!D23 | E23: ='📊 Datos Originales'!E23 | F23: =(C23/600)*'🎛️ PANEL DE CONTROL'!B6 | G23: =(D23/150)*'🎛️ PANEL DE CONTROL'!B7 | H23: =(E23/250)*'🎛️ PANEL DE CONTROL'!B8 | I23: =F23+G23+H23 | J23: ==IF('📊 Datos Originales'!L23>30, '🎛️ PANEL DE CONTROL'!B13, 0)+=IF('📊 Datos Originales'!N23>80, '🎛️ PANEL DE CONTROL'!B15, 0) | K23: ==IF('📊 Datos Originales'!M23<10, '🎛️ PANEL DE CONTROL'!B14, 0)+=IF('📊 Datos Originales'!O23>24, '🎛️ PANEL DE CONTROL'!B16, 0) | L23: =MAX(0, MIN(1000, I23-J23+K23)) | M23: ='📊 Datos Originales'!H23 | N23: =IF('📊 Datos Originales'!P23="muy_nuevo", '🎛️ PANEL DE CONTROL'!B20, IF('📊 Datos Originales'!P23="nuevo", '🎛️ PANEL DE CONTROL'!B21, IF('📊 Datos Originales'!P23="intermedio", '🎛️ PANEL DE CONTROL'!B22, IF('📊 Datos Originales'!P23="establecido", '🎛️ PANEL DE CONTROL'!B23, '🎛️ PANEL DE CONTROL'!B24)))) | O23: =1-N23 | P23: =(L23*N23)+(M23*O23) | Q23: =IF(P23>='🎛️ PANEL DE CONTROL'!B28, "A+", IF(P23>='🎛️ PANEL DE CONTROL'!B29, "A", IF(P23>='🎛️ PANEL DE CONTROL'!B30, "A-", IF(P23>='🎛️ PANEL DE CONTROL'!B31, "B+", IF(P23>='🎛️ PANEL DE CONTROL'!B32, "B", IF(P23>='🎛️ PANEL DE CONTROL'!B33, "B-", IF(P23>='🎛️ PANEL DE CONTROL'!B34, "C+", IF(P23>='🎛️ PANEL DE CONTROL'!B35, "C", IF(P23>='🎛️ PANEL DE CONTROL'!B36, "C-", IF(P23>='🎛️ PANEL DE CONTROL'!B37, "D", "F")))))))))) | R23: =P23-'📊 Datos Originales'!I23
A24: ='📊 Datos Originales'!A24 | B24: ='📊 Datos Originales'!B24 | C24: ='📊 Datos Originales'!C24 | D24: ='📊 Datos Originales'!D24 | E24: ='📊 Datos Originales'!E24 | F24: =(C24/600)*'🎛️ PANEL DE CONTROL'!B6 | G24: =(D24/150)*'🎛️ PANEL DE CONTROL'!B7 | H24: =(E24/250)*'🎛️ PANEL DE CONTROL'!B8 | I24: =F24+G24+H24 | J24: ==IF('📊 Datos Originales'!L24>30, '🎛️ PANEL DE CONTROL'!B13, 0)+=IF('📊 Datos Originales'!N24>80, '🎛️ PANEL DE CONTROL'!B15, 0) | K24: ==IF('📊 Datos Originales'!M24<10, '🎛️ PANEL DE CONTROL'!B14, 0)+=IF('📊 Datos Originales'!O24>24, '🎛️ PANEL DE CONTROL'!B16, 0) | L24: =MAX(0, MIN(1000, I24-J24+K24)) | M24: ='📊 Datos Originales'!H24 | N24: =IF('📊 Datos Originales'!P24="muy_nuevo", '🎛️ PANEL DE CONTROL'!B20, IF('📊 Datos Originales'!P24="nuevo", '🎛️ PANEL DE CONTROL'!B21, IF('📊 Datos Originales'!P24="intermedio", '🎛️ PANEL DE CONTROL'!B22, IF('📊 Datos Originales'!P24="establecido", '🎛️ PANEL DE CONTROL'!B23, '🎛️ PANEL DE CONTROL'!B24)))) | O24: =1-N24 | P24: =(L24*N24)+(M24*O24) | Q24: =IF(P24>='🎛️ PANEL DE CONTROL'!B28, "A+", IF(P24>='🎛️ PANEL DE CONTROL'!B29, "A", IF(P24>='🎛️ PANEL DE CONTROL'!B30, "A-", IF(P24>='🎛️ PANEL DE CONTROL'!B31, "B+", IF(P24>='🎛️ PANEL DE CONTROL'!B32, "B", IF(P24>='🎛️ PANEL DE CONTROL'!B33, "B-", IF(P24>='🎛️ PANEL DE CONTROL'!B34, "C+", IF(P24>='🎛️ PANEL DE CONTROL'!B35, "C", IF(P24>='🎛️ PANEL DE CONTROL'!B36, "C-", IF(P24>='🎛️ PANEL DE CONTROL'!B37, "D", "F")))))))))) | R24: =P24-'📊 Datos Originales'!I24
A25: ='📊 Datos Originales'!A25 | B25: ='📊 Datos Originales'!B25 | C25: ='📊 Datos Originales'!C25 | D25: ='📊 Datos Originales'!D25 | E25: ='📊 Datos Originales'!E25 | F25: =(C25/600)*'🎛️ PANEL DE CONTROL'!B6 | G25: =(D25/150)*'🎛️ PANEL DE CONTROL'!B7 | H25: =(E25/250)*'🎛️ PANEL DE CONTROL'!B8 | I25: =F25+G25+H25 | J25: ==IF('📊 Datos Originales'!L25>30, '🎛️ PANEL DE CONTROL'!B13, 0)+=IF('📊 Datos Originales'!N25>80, '🎛️ PANEL DE CONTROL'!B15, 0) | K25: ==IF('📊 Datos Originales'!M25<10, '🎛️ PANEL DE CONTROL'!B14, 0)+=IF('📊 Datos Originales'!O25>24, '🎛️ PANEL DE CONTROL'!B16, 0) | L25: =MAX(0, MIN(1000, I25-J25+K25)) | M25: ='📊 Datos Originales'!H25 | N25: =IF('📊 Datos Originales'!P25="muy_nuevo", '🎛️ PANEL DE CONTROL'!B20, IF('📊 Datos Originales'!P25="nuevo", '🎛️ PANEL DE CONTROL'!B21, IF('📊 Datos Originales'!P25="intermedio", '🎛️ PANEL DE CONTROL'!B22, IF('📊 Datos Originales'!P25="establecido", '🎛️ PANEL DE CONTROL'!B23, '🎛️ PANEL DE CONTROL'!B24)))) | O25: =1-N25 | P25: =(L25*N25)+(M25*O25) | Q25: =IF(P25>='🎛️ PANEL DE CONTROL'!B28, "A+", IF(P25>='🎛️ PANEL DE CONTROL'!B29, "A", IF(P25>='🎛️ PANEL DE CONTROL'!B30, "A-", IF(P25>='🎛️ PANEL DE CONTROL'!B31, "B+", IF(P25>='🎛️ PANEL DE CONTROL'!B32, "B", IF(P25>='🎛️ PANEL DE CONTROL'!B33, "B-", IF(P25>='🎛️ PANEL DE CONTROL'!B34, "C+", IF(P25>='🎛️ PANEL DE CONTROL'!B35, "C", IF(P25>='🎛️ PANEL DE CONTROL'!B36, "C-", IF(P25>='🎛️ PANEL DE CONTROL'!B37, "D", "F")))))))))) | R25: =P25-'📊 Datos Originales'!I25
A26: ='📊 Datos Originales'!A26 | B26: ='📊 Datos Originales'!B26 | C26: ='📊 Datos Originales'!C26 | D26: ='📊 Datos Originales'!D26 | E26: ='📊 Datos Originales'!E26 | F26: =(C26/600)*'🎛️ PANEL DE CONTROL'!B6 | G26: =(D26/150)*'🎛️ PANEL DE CONTROL'!B7 | H26: =(E26/250)*'🎛️ PANEL DE CONTROL'!B8 | I26: =F26+G26+H26 | J26: ==IF('📊 Datos Originales'!L26>30, '🎛️ PANEL DE CONTROL'!B13, 0)+=IF('📊 Datos Originales'!N26>80, '🎛️ PANEL DE CONTROL'!B15, 0) | K26: ==IF('📊 Datos Originales'!M26<10, '🎛️ PANEL DE CONTROL'!B14, 0)+=IF('📊 Datos Originales'!O26>24, '🎛️ PANEL DE CONTROL'!B16, 0) | L26: =MAX(0, MIN(1000, I26-J26+K26)) | M26: ='📊 Datos Originales'!H26 | N26: =IF('📊 Datos Originales'!P26="muy_nuevo", '🎛️ PANEL DE CONTROL'!B20, IF('📊 Datos Originales'!P26="nuevo", '🎛️ PANEL DE CONTROL'!B21, IF('📊 Datos Originales'!P26="intermedio", '🎛️ PANEL DE CONTROL'!B22, IF('📊 Datos Originales'!P26="establecido", '🎛️ PANEL DE CONTROL'!B23, '🎛️ PANEL DE CONTROL'!B24)))) | O26: =1-N26 | P26: =(L26*N26)+(M26*O26) | Q26: =IF(P26>='🎛️ PANEL DE CONTROL'!B28, "A+", IF(P26>='🎛️ PANEL DE CONTROL'!B29, "A", IF(P26>='🎛️ PANEL DE CONTROL'!B30, "A-", IF(P26>='🎛️ PANEL DE CONTROL'!B31, "B+", IF(P26>='🎛️ PANEL DE CONTROL'!B32, "B", IF(P26>='🎛️ PANEL DE CONTROL'!B33, "B-", IF(P26>='🎛️ PANEL DE CONTROL'!B34, "C+", IF(P26>='🎛️ PANEL DE CONTROL'!B35, "C", IF(P26>='🎛️ PANEL DE CONTROL'!B36, "C-", IF(P26>='🎛️ PANEL DE CONTROL'!B37, "D", "F")))))))))) | R26: =P26-'📊 Datos Originales'!I26
A27: ='📊 Datos Originales'!A27 | B27: ='📊 Datos Originales'!B27 | C27: ='📊 Datos Originales'!C27 | D27: ='📊 Datos Originales'!D27 | E27: ='📊 Datos Originales'!E27 | F27: =(C27/600)*'🎛️ PANEL DE CONTROL'!B6 | G27: =(D27/150)*'🎛️ PANEL DE CONTROL'!B7 | H27: =(E27/250)*'🎛️ PANEL DE CONTROL'!B8 | I27: =F27+G27+H27 | J27: ==IF('📊 Datos Originales'!L27>30, '🎛️ PANEL DE CONTROL'!B13, 0)+=IF('📊 Datos Originales'!N27>80, '🎛️ PANEL DE CONTROL'!B15, 0) | K27: ==IF('📊 Datos Originales'!M27<10, '🎛️ PANEL DE CONTROL'!B14, 0)+=IF('📊 Datos Originales'!O27>24, '🎛️ PANEL DE CONTROL'!B16, 0) | L27: =MAX(0, MIN(1000, I27-J27+K27)) | M27: ='📊 Datos Originales'!H27 | N27: =IF('📊 Datos Originales'!P27="muy_nuevo", '🎛️ PANEL DE CONTROL'!B20, IF('📊 Datos Originales'!P27="nuevo", '🎛️ PANEL DE CONTROL'!B21, IF('📊 Datos Originales'!P27="intermedio", '🎛️ PANEL DE CONTROL'!B22, IF('📊 Datos Originales'!P27="establecido", '🎛️ PANEL DE CONTROL'!B23, '🎛️ PANEL DE CONTROL'!B24)))) | O27: =1-N27 | P27: =(L27*N27)+(M27*O27) | Q27: =IF(P27>='🎛️ PANEL DE CONTROL'!B28, "A+", IF(P27>='🎛️ PANEL DE CONTROL'!B29, "A", IF(P27>='🎛️ PANEL DE CONTROL'!B30, "A-", IF(P27>='🎛️ PANEL DE CONTROL'!B31, "B+", IF(P27>='🎛️ PANEL DE CONTROL'!B32, "B", IF(P27>='🎛️ PANEL DE CONTROL'!B33, "B-", IF(P27>='🎛️ PANEL DE CONTROL'!B34, "C+", IF(P27>='🎛️ PANEL DE CONTROL'!B35, "C", IF(P27>='🎛️ PANEL DE CONTROL'!B36, "C-", IF(P27>='🎛️ PANEL DE CONTROL'!B37, "D", "F")))))))))) | R27: =P27-'📊 Datos Originales'!I27
A28: ='📊 Datos Originales'!A28 | B28: ='📊 Datos Originales'!B28 | C28: ='📊 Datos Originales'!C28 | D28: ='📊 Datos Originales'!D28 | E28: ='📊 Datos Originales'!E28 | F28: =(C28/600)*'🎛️ PANEL DE CONTROL'!B6 | G28: =(D28/150)*'🎛️ PANEL DE CONTROL'!B7 | H28: =(E28/250)*'🎛️ PANEL DE CONTROL'!B8 | I28: =F28+G28+H28 | J28: ==IF('📊 Datos Originales'!L28>30, '🎛️ PANEL DE CONTROL'!B13, 0)+=IF('📊 Datos Originales'!N28>80, '🎛️ PANEL DE CONTROL'!B15, 0) | K28: ==IF('📊 Datos Originales'!M28<10, '🎛️ PANEL DE CONTROL'!B14, 0)+=IF('📊 Datos Originales'!O28>24, '🎛️ PANEL DE CONTROL'!B16, 0) | L28: =MAX(0, MIN(1000, I28-J28+K28)) | M28: ='📊 Datos Originales'!H28 | N28: =IF('📊 Datos Originales'!P28="muy_nuevo", '🎛️ PANEL DE CONTROL'!B20, IF('📊 Datos Originales'!P28="nuevo", '🎛️ PANEL DE CONTROL'!B21, IF('📊 Datos Originales'!P28="intermedio", '🎛️ PANEL DE CONTROL'!B22, IF('📊 Datos Originales'!P28="establecido", '🎛️ PANEL DE CONTROL'!B23, '🎛️ PANEL DE CONTROL'!B24)))) | O28: =1-N28 | P28: =(L28*N28)+(M28*O28) | Q28: =IF(P28>='🎛️ PANEL DE CONTROL'!B28, "A+", IF(P28>='🎛️ PANEL DE CONTROL'!B29, "A", IF(P28>='🎛️ PANEL DE CONTROL'!B30, "A-", IF(P28>='🎛️ PANEL DE CONTROL'!B31, "B+", IF(P28>='🎛️ PANEL DE CONTROL'!B32, "B", IF(P28>='🎛️ PANEL DE CONTROL'!B33, "B-", IF(P28>='🎛️ PANEL DE CONTROL'!B34, "C+", IF(P28>='🎛️ PANEL DE CONTROL'!B35, "C", IF(P28>='🎛️ PANEL DE CONTROL'!B36, "C-", IF(P28>='🎛️ PANEL DE CONTROL'!B37, "D", "F")))))))))) | R28: =P28-'📊 Datos Originales'!I28
A29: ='📊 Datos Originales'!A29 | B29: ='📊 Datos Originales'!B29 | C29: ='📊 Datos Originales'!C29 | D29: ='📊 Datos Originales'!D29 | E29: ='📊 Datos Originales'!E29 | F29: =(C29/600)*'🎛️ PANEL DE CONTROL'!B6 | G29: =(D29/150)*'🎛️ PANEL DE CONTROL'!B7 | H29: =(E29/250)*'🎛️ PANEL DE CONTROL'!B8 | I29: =F29+G29+H29 | J29: ==IF('📊 Datos Originales'!L29>30, '🎛️ PANEL DE CONTROL'!B13, 0)+=IF('📊 Datos Originales'!N29>80, '🎛️ PANEL DE CONTROL'!B15, 0) | K29: ==IF('📊 Datos Originales'!M29<10, '🎛️ PANEL DE CONTROL'!B14, 0)+=IF('📊 Datos Originales'!O29>24, '🎛️ PANEL DE CONTROL'!B16, 0) | L29: =MAX(0, MIN(1000, I29-J29+K29)) | M29: ='📊 Datos Originales'!H29 | N29: =IF('📊 Datos Originales'!P29="muy_nuevo", '🎛️ PANEL DE CONTROL'!B20, IF('📊 Datos Originales'!P29="nuevo", '🎛️ PANEL DE CONTROL'!B21, IF('📊 Datos Originales'!P29="intermedio", '🎛️ PANEL DE CONTROL'!B22, IF('📊 Datos Originales'!P29="establecido", '🎛️ PANEL DE CONTROL'!B23, '🎛️ PANEL DE CONTROL'!B24)))) | O29: =1-N29 | P29: =(L29*N29)+(M29*O29) | Q29: =IF(P29>='🎛️ PANEL DE CONTROL'!B28, "A+", IF(P29>='🎛️ PANEL DE CONTROL'!B29, "A", IF(P29>='🎛️ PANEL DE CONTROL'!B30, "A-", IF(P29>='🎛️ PANEL DE CONTROL'!B31, "B+", IF(P29>='🎛️ PANEL DE CONTROL'!B32, "B", IF(P29>='🎛️ PANEL DE CONTROL'!B33, "B-", IF(P29>='🎛️ PANEL DE CONTROL'!B34, "C+", IF(P29>='🎛️ PANEL DE CONTROL'!B35, "C", IF(P29>='🎛️ PANEL DE CONTROL'!B36, "C-", IF(P29>='🎛️ PANEL DE CONTROL'!B37, "D", "F")))))))))) | R29: =P29-'📊 Datos Originales'!I29
A30: ='📊 Datos Originales'!A30 | B30: ='📊 Datos Originales'!B30 | C30: ='📊 Datos Originales'!C30 | D30: ='📊 Datos Originales'!D30 | E30: ='📊 Datos Originales'!E30 | F30: =(C30/600)*'🎛️ PANEL DE CONTROL'!B6 | G30: =(D30/150)*'🎛️ PANEL DE CONTROL'!B7 | H30: =(E30/250)*'🎛️ PANEL DE CONTROL'!B8 | I30: =F30+G30+H30 | J30: ==IF('📊 Datos Originales'!L30>30, '🎛️ PANEL DE CONTROL'!B13, 0)+=IF('📊 Datos Originales'!N30>80, '🎛️ PANEL DE CONTROL'!B15, 0) | K30: ==IF('📊 Datos Originales'!M30<10, '🎛️ PANEL DE CONTROL'!B14, 0)+=IF('📊 Datos Originales'!O30>24, '🎛️ PANEL DE CONTROL'!B16, 0) | L30: =MAX(0, MIN(1000, I30-J30+K30)) | M30: ='📊 Datos Originales'!H30 | N30: =IF('📊 Datos Originales'!P30="muy_nuevo", '🎛️ PANEL DE CONTROL'!B20, IF('📊 Datos Originales'!P30="nuevo", '🎛️ PANEL DE CONTROL'!B21, IF('📊 Datos Originales'!P30="intermedio", '🎛️ PANEL DE CONTROL'!B22, IF('📊 Datos Originales'!P30="establecido", '🎛️ PANEL DE CONTROL'!B23, '🎛️ PANEL DE CONTROL'!B24)))) | O30: =1-N30 | P30: =(L30*N30)+(M30*O30) | Q30: =IF(P30>='🎛️ PANEL DE CONTROL'!B28, "A+", IF(P30>='🎛️ PANEL DE CONTROL'!B29, "A", IF(P30>='🎛️ PANEL DE CONTROL'!B30, "A-", IF(P30>='🎛️ PANEL DE CONTROL'!B31, "B+", IF(P30>='🎛️ PANEL DE CONTROL'!B32, "B", IF(P30>='🎛️ PANEL DE CONTROL'!B33, "B-", IF(P30>='🎛️ PANEL DE CONTROL'!B34, "C+", IF(P30>='🎛️ PANEL DE CONTROL'!B35, "C", IF(P30>='🎛️ PANEL DE CONTROL'!B36, "C-", IF(P30>='🎛️ PANEL DE CONTROL'!B37, "D", "F")))))))))) | R30: =P30-'📊 Datos Originales'!I30
A31: ='📊 Datos Originales'!A31 | B31: ='📊 Datos Originales'!B31 | C31: ='📊 Datos Originales'!C31 | D31: ='📊 Datos Originales'!D31 | E31: ='📊 Datos Originales'!E31 | F31: =(C31/600)*'🎛️ PANEL DE CONTROL'!B6 | G31: =(D31/150)*'🎛️ PANEL DE CONTROL'!B7 | H31: =(E31/250)*'🎛️ PANEL DE CONTROL'!B8 | I31: =F31+G31+H31 | J31: ==IF('📊 Datos Originales'!L31>30, '🎛️ PANEL DE CONTROL'!B13, 0)+=IF('📊 Datos Originales'!N31>80, '🎛️ PANEL DE CONTROL'!B15, 0) | K31: ==IF('📊 Datos Originales'!M31<10, '🎛️ PANEL DE CONTROL'!B14, 0)+=IF('📊 Datos Originales'!O31>24, '🎛️ PANEL DE CONTROL'!B16, 0) | L31: =MAX(0, MIN(1000, I31-J31+K31)) | M31: ='📊 Datos Originales'!H31 | N31: =IF('📊 Datos Originales'!P31="muy_nuevo", '🎛️ PANEL DE CONTROL'!B20, IF('📊 Datos Originales'!P31="nuevo", '🎛️ PANEL DE CONTROL'!B21, IF('📊 Datos Originales'!P31="intermedio", '🎛️ PANEL DE CONTROL'!B22, IF('📊 Datos Originales'!P31="establecido", '🎛️ PANEL DE CONTROL'!B23, '🎛️ PANEL DE CONTROL'!B24)))) | O31: =1-N31 | P31: =(L31*N31)+(M31*O31) | Q31: =IF(P31>='🎛️ PANEL DE CONTROL'!B28, "A+", IF(P31>='🎛️ PANEL DE CONTROL'!B29, "A", IF(P31>='🎛️ PANEL DE CONTROL'!B30, "A-", IF(P31>='🎛️ PANEL DE CONTROL'!B31, "B+", IF(P31>='🎛️ PANEL DE CONTROL'!B32, "B", IF(P31>='🎛️ PANEL DE CONTROL'!B33, "B-", IF(P31>='🎛️ PANEL DE CONTROL'!B34, "C+", IF(P31>='🎛️ PANEL DE CONTROL'!B35, "C", IF(P31>='🎛️ PANEL DE CONTROL'!B36, "C-", IF(P31>='🎛️ PANEL DE CONTROL'!B37, "D", "F")))))))))) | R31: =P31-'📊 Datos Originales'!I31
A32: ='📊 Datos Originales'!A32 | B32: ='📊 Datos Originales'!B32 | C32: ='📊 Datos Originales'!C32 | D32: ='📊 Datos Originales'!D32 | E32: ='📊 Datos Originales'!E32 | F32: =(C32/600)*'🎛️ PANEL DE CONTROL'!B6 | G32: =(D32/150)*'🎛️ PANEL DE CONTROL'!B7 | H32: =(E32/250)*'🎛️ PANEL DE CONTROL'!B8 | I32: =F32+G32+H32 | J32: ==IF('📊 Datos Originales'!L32>30, '🎛️ PANEL DE CONTROL'!B13, 0)+=IF('📊 Datos Originales'!N32>80, '🎛️ PANEL DE CONTROL'!B15, 0) | K32: ==IF('📊 Datos Originales'!M32<10, '🎛️ PANEL DE CONTROL'!B14, 0)+=IF('📊 Datos Originales'!O32>24, '🎛️ PANEL DE CONTROL'!B16, 0) | L32: =MAX(0, MIN(1000, I32-J32+K32)) | M32: ='📊 Datos Originales'!H32 | N32: =IF('📊 Datos Originales'!P32="muy_nuevo", '🎛️ PANEL DE CONTROL'!B20, IF('📊 Datos Originales'!P32="nuevo", '🎛️ PANEL DE CONTROL'!B21, IF('📊 Datos Originales'!P32="intermedio", '🎛️ PANEL DE CONTROL'!B22, IF('📊 Datos Originales'!P32="establecido", '🎛️ PANEL DE CONTROL'!B23, '🎛️ PANEL DE CONTROL'!B24)))) | O32: =1-N32 | P32: =(L32*N32)+(M32*O32) | Q32: =IF(P32>='🎛️ PANEL DE CONTROL'!B28, "A+", IF(P32>='🎛️ PANEL DE CONTROL'!B29, "A", IF(P32>='🎛️ PANEL DE CONTROL'!B30, "A-", IF(P32>='🎛️ PANEL DE CONTROL'!B31, "B+", IF(P32>='🎛️ PANEL DE CONTROL'!B32, "B", IF(P32>='🎛️ PANEL DE CONTROL'!B33, "B-", IF(P32>='🎛️ PANEL DE CONTROL'!B34, "C+", IF(P32>='🎛️ PANEL DE CONTROL'!B35, "C", IF(P32>='🎛️ PANEL DE CONTROL'!B36, "C-", IF(P32>='🎛️ PANEL DE CONTROL'!B37, "D", "F")))))))))) | R32: =P32-'📊 Datos Originales'!I32
A33: ='📊 Datos Originales'!A33 | B33: ='📊 Datos Originales'!B33 | C33: ='📊 Datos Originales'!C33 | D33: ='📊 Datos Originales'!D33 | E33: ='📊 Datos Originales'!E33 | F33: =(C33/600)*'🎛️ PANEL DE CONTROL'!B6 | G33: =(D33/150)*'🎛️ PANEL DE CONTROL'!B7 | H33: =(E33/250)*'🎛️ PANEL DE CONTROL'!B8 | I33: =F33+G33+H33 | J33: ==IF('📊 Datos Originales'!L33>30, '🎛️ PANEL DE CONTROL'!B13, 0)+=IF('📊 Datos Originales'!N33>80, '🎛️ PANEL DE CONTROL'!B15, 0) | K33: ==IF('📊 Datos Originales'!M33<10, '🎛️ PANEL DE CONTROL'!B14, 0)+=IF('📊 Datos Originales'!O33>24, '🎛️ PANEL DE CONTROL'!B16, 0) | L33: =MAX(0, MIN(1000, I33-J33+K33)) | M33: ='📊 Datos Originales'!H33 | N33: =IF('📊 Datos Originales'!P33="muy_nuevo", '🎛️ PANEL DE CONTROL'!B20, IF('📊 Datos Originales'!P33="nuevo", '🎛️ PANEL DE CONTROL'!B21, IF('📊 Datos Originales'!P33="intermedio", '🎛️ PANEL DE CONTROL'!B22, IF('📊 Datos Originales'!P33="establecido", '🎛️ PANEL DE CONTROL'!B23, '🎛️ PANEL DE CONTROL'!B24)))) | O33: =1-N33 | P33: =(L33*N33)+(M33*O33) | Q33: =IF(P33>='🎛️ PANEL DE CONTROL'!B28, "A+", IF(P33>='🎛️ PANEL DE CONTROL'!B29, "A", IF(P33>='🎛️ PANEL DE CONTROL'!B30, "A-", IF(P33>='🎛️ PANEL DE CONTROL'!B31, "B+", IF(P33>='🎛️ PANEL DE CONTROL'!B32, "B", IF(P33>='🎛️ PANEL DE CONTROL'!B33, "B-", IF(P33>='🎛️ PANEL DE CONTROL'!B34, "C+", IF(P33>='🎛️ PANEL DE CONTROL'!B35, "C", IF(P33>='🎛️ PANEL DE CONTROL'!B36, "C-", IF(P33>='🎛️ PANEL DE CONTROL'!B37, "D", "F")))))))))) | R33: =P33-'📊 Datos Originales'!I33
A34: ='📊 Datos Originales'!A34 | B34: ='📊 Datos Originales'!B34 | C34: ='📊 Datos Originales'!C34 | D34: ='📊 Datos Originales'!D34 | E34: ='📊 Datos Originales'!E34 | F34: =(C34/600)*'🎛️ PANEL DE CONTROL'!B6 | G34: =(D34/150)*'🎛️ PANEL DE CONTROL'!B7 | H34: =(E34/250)*'🎛️ PANEL DE CONTROL'!B8 | I34: =F34+G34+H34 | J34: ==IF('📊 Datos Originales'!L34>30, '🎛️ PANEL DE CONTROL'!B13, 0)+=IF('📊 Datos Originales'!N34>80, '🎛️ PANEL DE CONTROL'!B15, 0) | K34: ==IF('📊 Datos Originales'!M34<10, '🎛️ PANEL DE CONTROL'!B14, 0)+=IF('📊 Datos Originales'!O34>24, '🎛️ PANEL DE CONTROL'!B16, 0) | L34: =MAX(0, MIN(1000, I34-J34+K34)) | M34: ='📊 Datos Originales'!H34 | N34: =IF('📊 Datos Originales'!P34="muy_nuevo", '🎛️ PANEL DE CONTROL'!B20, IF('📊 Datos Originales'!P34="nuevo", '🎛️ PANEL DE CONTROL'!B21, IF('📊 Datos Originales'!P34="intermedio", '🎛️ PANEL DE CONTROL'!B22, IF('📊 Datos Originales'!P34="establecido", '🎛️ PANEL DE CONTROL'!B23, '🎛️ PANEL DE CONTROL'!B24)))) | O34: =1-N34 | P34: =(L34*N34)+(M34*O34) | Q34: =IF(P34>='🎛️ PANEL DE CONTROL'!B28, "A+", IF(P34>='🎛️ PANEL DE CONTROL'!B29, "A", IF(P34>='🎛️ PANEL DE CONTROL'!B30, "A-", IF(P34>='🎛️ PANEL DE CONTROL'!B31, "B+", IF(P34>='🎛️ PANEL DE CONTROL'!B32, "B", IF(P34>='🎛️ PANEL DE CONTROL'!B33, "B-", IF(P34>='🎛️ PANEL DE CONTROL'!B34, "C+", IF(P34>='🎛️ PANEL DE CONTROL'!B35, "C", IF(P34>='🎛️ PANEL DE CONTROL'!B36, "C-", IF(P34>='🎛️ PANEL DE CONTROL'!B37, "D", "F")))))))))) | R34: =P34-'📊 Datos Originales'!I34
A35: ='📊 Datos Originales'!A35 | B35: ='📊 Datos Originales'!B35 | C35: ='📊 Datos Originales'!C35 | D35: ='📊 Datos Originales'!D35 | E35: ='📊 Datos Originales'!E35 | F35: =(C35/600)*'🎛️ PANEL DE CONTROL'!B6 | G35: =(D35/150)*'🎛️ PANEL DE CONTROL'!B7 | H35: =(E35/250)*'🎛️ PANEL DE CONTROL'!B8 | I35: =F35+G35+H35 | J35: ==IF('📊 Datos Originales'!L35>30, '🎛️ PANEL DE CONTROL'!B13, 0)+=IF('📊 Datos Originales'!N35>80, '🎛️ PANEL DE CONTROL'!B15, 0) | K35: ==IF('📊 Datos Originales'!M35<10, '🎛️ PANEL DE CONTROL'!B14, 0)+=IF('📊 Datos Originales'!O35>24, '🎛️ PANEL DE CONTROL'!B16, 0) | L35: =MAX(0, MIN(1000, I35-J35+K35)) | M35: ='📊 Datos Originales'!H35 | N35: =IF('📊 Datos Originales'!P35="muy_nuevo", '🎛️ PANEL DE CONTROL'!B20, IF('📊 Datos Originales'!P35="nuevo", '🎛️ PANEL DE CONTROL'!B21, IF('📊 Datos Originales'!P35="intermedio", '🎛️ PANEL DE CONTROL'!B22, IF('📊 Datos Originales'!P35="establecido", '🎛️ PANEL DE CONTROL'!B23, '🎛️ PANEL DE CONTROL'!B24)))) | O35: =1-N35 | P35: =(L35*N35)+(M35*O35) | Q35: =IF(P35>='🎛️ PANEL DE CONTROL'!B28, "A+", IF(P35>='🎛️ PANEL DE CONTROL'!B29, "A", IF(P35>='🎛️ PANEL DE CONTROL'!B30, "A-", IF(P35>='🎛️ PANEL DE CONTROL'!B31, "B+", IF(P35>='🎛️ PANEL DE CONTROL'!B32, "B", IF(P35>='🎛️ PANEL DE CONTROL'!B33, "B-", IF(P35>='🎛️ PANEL DE CONTROL'!B34, "C+", IF(P35>='🎛️ PANEL DE CONTROL'!B35, "C", IF(P35>='🎛️ PANEL DE CONTROL'!B36, "C-", IF(P35>='🎛️ PANEL DE CONTROL'!B37, "D", "F")))))))))) | R35: =P35-'📊 Datos Originales'!I35
A36: ='📊 Datos Originales'!A36 | B36: ='📊 Datos Originales'!B36 | C36: ='📊 Datos Originales'!C36 | D36: ='📊 Datos Originales'!D36 | E36: ='📊 Datos Originales'!E36 | F36: =(C36/600)*'🎛️ PANEL DE CONTROL'!B6 | G36: =(D36/150)*'🎛️ PANEL DE CONTROL'!B7 | H36: =(E36/250)*'🎛️ PANEL DE CONTROL'!B8 | I36: =F36+G36+H36 | J36: ==IF('📊 Datos Originales'!L36>30, '🎛️ PANEL DE CONTROL'!B13, 0)+=IF('📊 Datos Originales'!N36>80, '🎛️ PANEL DE CONTROL'!B15, 0) | K36: ==IF('📊 Datos Originales'!M36<10, '🎛️ PANEL DE CONTROL'!B14, 0)+=IF('📊 Datos Originales'!O36>24, '🎛️ PANEL DE CONTROL'!B16, 0) | L36: =MAX(0, MIN(1000, I36-J36+K36)) | M36: ='📊 Datos Originales'!H36 | N36: =IF('📊 Datos Originales'!P36="muy_nuevo", '🎛️ PANEL DE CONTROL'!B20, IF('📊 Datos Originales'!P36="nuevo", '🎛️ PANEL DE CONTROL'!B21, IF('📊 Datos Originales'!P36="intermedio", '🎛️ PANEL DE CONTROL'!B22, IF('📊 Datos Originales'!P36="establecido", '🎛️ PANEL DE CONTROL'!B23, '🎛️ PANEL DE CONTROL'!B24)))) | O36: =1-N36 | P36: =(L36*N36)+(M36*O36) | Q36: =IF(P36>='🎛️ PANEL DE CONTROL'!B28, "A+", IF(P36>='🎛️ PANEL DE CONTROL'!B29, "A", IF(P36>='🎛️ PANEL DE CONTROL'!B30, "A-", IF(P36>='🎛️ PANEL DE CONTROL'!B31, "B+", IF(P36>='🎛️ PANEL DE CONTROL'!B32, "B", IF(P36>='🎛️ PANEL DE CONTROL'!B33, "B-", IF(P36>='🎛️ PANEL DE CONTROL'!B34, "C+", IF(P36>='🎛️ PANEL DE CONTROL'!B35, "C", IF(P36>='🎛️ PANEL DE CONTROL'!B36, "C-", IF(P36>='🎛️ PANEL DE CONTROL'!B37, "D", "F")))))))))) | R36: =P36-'📊 Datos Originales'!I36
A37: ='📊 Datos Originales'!A37 | B37: ='📊 Datos Originales'!B37 | C37: ='📊 Datos Originales'!C37 | D37: ='📊 Datos Originales'!D37 | E37: ='📊 Datos Originales'!E37 | F37: =(C37/600)*'🎛️ PANEL DE CONTROL'!B6 | G37: =(D37/150)*'🎛️ PANEL DE CONTROL'!B7 | H37: =(E37/250)*'🎛️ PANEL DE CONTROL'!B8 | I37: =F37+G37+H37 | J37: ==IF('📊 Datos Originales'!L37>30, '🎛️ PANEL DE CONTROL'!B13, 0)+=IF('📊 Datos Originales'!N37>80, '🎛️ PANEL DE CONTROL'!B15, 0) | K37: ==IF('📊 Datos Originales'!M37<10, '🎛️ PANEL DE CONTROL'!B14, 0)+=IF('📊 Datos Originales'!O37>24, '🎛️ PANEL DE CONTROL'!B16, 0) | L37: =MAX(0, MIN(1000, I37-J37+K37)) | M37: ='📊 Datos Originales'!H37 | N37: =IF('📊 Datos Originales'!P37="muy_nuevo", '🎛️ PANEL DE CONTROL'!B20, IF('📊 Datos Originales'!P37="nuevo", '🎛️ PANEL DE CONTROL'!B21, IF('📊 Datos Originales'!P37="intermedio", '🎛️ PANEL DE CONTROL'!B22, IF('📊 Datos Originales'!P37="establecido", '🎛️ PANEL DE CONTROL'!B23, '🎛️ PANEL DE CONTROL'!B24)))) | O37: =1-N37 | P37: =(L37*N37)+(M37*O37) | Q37: =IF(P37>='🎛️ PANEL DE CONTROL'!B28, "A+", IF(P37>='🎛️ PANEL DE CONTROL'!B29, "A", IF(P37>='🎛️ PANEL DE CONTROL'!B30, "A-", IF(P37>='🎛️ PANEL DE CONTROL'!B31, "B+", IF(P37>='🎛️ PANEL DE CONTROL'!B32, "B", IF(P37>='🎛️ PANEL DE CONTROL'!B33, "B-", IF(P37>='🎛️ PANEL DE CONTROL'!B34, "C+", IF(P37>='🎛️ PANEL DE CONTROL'!B35, "C", IF(P37>='🎛️ PANEL DE CONTROL'!B36, "C-", IF(P37>='🎛️ PANEL DE CONTROL'!B37, "D", "F")))))))))) | R37: =P37-'📊 Datos Originales'!I37
A38: ='📊 Datos Originales'!A38 | B38: ='📊 Datos Originales'!B38 | C38: ='📊 Datos Originales'!C38 | D38: ='📊 Datos Originales'!D38 | E38: ='📊 Datos Originales'!E38 | F38: =(C38/600)*'🎛️ PANEL DE CONTROL'!B6 | G38: =(D38/150)*'🎛️ PANEL DE CONTROL'!B7 | H38: =(E38/250)*'🎛️ PANEL DE CONTROL'!B8 | I38: =F38+G38+H38 | J38: ==IF('📊 Datos Originales'!L38>30, '🎛️ PANEL DE CONTROL'!B13, 0)+=IF('📊 Datos Originales'!N38>80, '🎛️ PANEL DE CONTROL'!B15, 0) | K38: ==IF('📊 Datos Originales'!M38<10, '🎛️ PANEL DE CONTROL'!B14, 0)+=IF('📊 Datos Originales'!O38>24, '🎛️ PANEL DE CONTROL'!B16, 0) | L38: =MAX(0, MIN(1000, I38-J38+K38)) | M38: ='📊 Datos Originales'!H38 | N38: =IF('📊 Datos Originales'!P38="muy_nuevo", '🎛️ PANEL DE CONTROL'!B20, IF('📊 Datos Originales'!P38="nuevo", '🎛️ PANEL DE CONTROL'!B21, IF('📊 Datos Originales'!P38="intermedio", '🎛️ PANEL DE CONTROL'!B22, IF('📊 Datos Originales'!P38="establecido", '🎛️ PANEL DE CONTROL'!B23, '🎛️ PANEL DE CONTROL'!B24)))) | O38: =1-N38 | P38: =(L38*N38)+(M38*O38) | Q38: =IF(P38>='🎛️ PANEL DE CONTROL'!B28, "A+", IF(P38>='🎛️ PANEL DE CONTROL'!B29, "A", IF(P38>='🎛️ PANEL DE CONTROL'!B30, "A-", IF(P38>='🎛️ PANEL DE CONTROL'!B31, "B+", IF(P38>='🎛️ PANEL DE CONTROL'!B32, "B", IF(P38>='🎛️ PANEL DE CONTROL'!B33, "B-", IF(P38>='🎛️ PANEL DE CONTROL'!B34, "C+", IF(P38>='🎛️ PANEL DE CONTROL'!B35, "C", IF(P38>='🎛️ PANEL DE CONTROL'!B36, "C-", IF(P38>='🎛️ PANEL DE CONTROL'!B37, "D", "F")))))))))) | R38: =P38-'📊 Datos Originales'!I38
A39: ='📊 Datos Originales'!A39 | B39: ='📊 Datos Originales'!B39 | C39: ='📊 Datos Originales'!C39 | D39: ='📊 Datos Originales'!D39 | E39: ='📊 Datos Originales'!E39 | F39: =(C39/600)*'🎛️ PANEL DE CONTROL'!B6 | G39: =(D39/150)*'🎛️ PANEL DE CONTROL'!B7 | H39: =(E39/250)*'🎛️ PANEL DE CONTROL'!B8 | I39: =F39+G39+H39 | J39: ==IF('📊 Datos Originales'!L39>30, '🎛️ PANEL DE CONTROL'!B13, 0)+=IF('📊 Datos Originales'!N39>80, '🎛️ PANEL DE CONTROL'!B15, 0) | K39: ==IF('📊 Datos Originales'!M39<10, '🎛️ PANEL DE CONTROL'!B14, 0)+=IF('📊 Datos Originales'!O39>24, '🎛️ PANEL DE CONTROL'!B16, 0) | L39: =MAX(0, MIN(1000, I39-J39+K39)) | M39: ='📊 Datos Originales'!H39 | N39: =IF('📊 Datos Originales'!P39="muy_nuevo", '🎛️ PANEL DE CONTROL'!B20, IF('📊 Datos Originales'!P39="nuevo", '🎛️ PANEL DE CONTROL'!B21, IF('📊 Datos Originales'!P39="intermedio", '🎛️ PANEL DE CONTROL'!B22, IF('📊 Datos Originales'!P39="establecido", '🎛️ PANEL DE CONTROL'!B23, '🎛️ PANEL DE CONTROL'!B24)))) | O39: =1-N39 | P39: =(L39*N39)+(M39*O39) | Q39: =IF(P39>='🎛️ PANEL DE CONTROL'!B28, "A+", IF(P39>='🎛️ PANEL DE CONTROL'!B29, "A", IF(P39>='🎛️ PANEL DE CONTROL'!B30, "A-", IF(P39>='🎛️ PANEL DE CONTROL'!B31, "B+", IF(P39>='🎛️ PANEL DE CONTROL'!B32, "B", IF(P39>='🎛️ PANEL DE CONTROL'!B33, "B-", IF(P39>='🎛️ PANEL DE CONTROL'!B34, "C+", IF(P39>='🎛️ PANEL DE CONTROL'!B35, "C", IF(P39>='🎛️ PANEL DE CONTROL'!B36, "C-", IF(P39>='🎛️ PANEL DE CONTROL'!B37, "D", "F")))))))))) | R39: =P39-'📊 Datos Originales'!I39
A40: ='📊 Datos Originales'!A40 | B40: ='📊 Datos Originales'!B40 | C40: ='📊 Datos Originales'!C40 | D40: ='📊 Datos Originales'!D40 | E40: ='📊 Datos Originales'!E40 | F40: =(C40/600)*'🎛️ PANEL DE CONTROL'!B6 | G40: =(D40/150)*'🎛️ PANEL DE CONTROL'!B7 | H40: =(E40/250)*'🎛️ PANEL DE CONTROL'!B8 | I40: =F40+G40+H40 | J40: ==IF('📊 Datos Originales'!L40>30, '🎛️ PANEL DE CONTROL'!B13, 0)+=IF('📊 Datos Originales'!N40>80, '🎛️ PANEL DE CONTROL'!B15, 0) | K40: ==IF('📊 Datos Originales'!M40<10, '🎛️ PANEL DE CONTROL'!B14, 0)+=IF('📊 Datos Originales'!O40>24, '🎛️ PANEL DE CONTROL'!B16, 0) | L40: =MAX(0, MIN(1000, I40-J40+K40)) | M40: ='📊 Datos Originales'!H40 | N40: =IF('📊 Datos Originales'!P40="muy_nuevo", '🎛️ PANEL DE CONTROL'!B20, IF('📊 Datos Originales'!P40="nuevo", '🎛️ PANEL DE CONTROL'!B21, IF('📊 Datos Originales'!P40="intermedio", '🎛️ PANEL DE CONTROL'!B22, IF('📊 Datos Originales'!P40="establecido", '🎛️ PANEL DE CONTROL'!B23, '🎛️ PANEL DE CONTROL'!B24)))) | O40: =1-N40 | P40: =(L40*N40)+(M40*O40) | Q40: =IF(P40>='🎛️ PANEL DE CONTROL'!B28, "A+", IF(P40>='🎛️ PANEL DE CONTROL'!B29, "A", IF(P40>='🎛️ PANEL DE CONTROL'!B30, "A-", IF(P40>='🎛️ PANEL DE CONTROL'!B31, "B+", IF(P40>='🎛️ PANEL DE CONTROL'!B32, "B", IF(P40>='🎛️ PANEL DE CONTROL'!B33, "B-", IF(P40>='🎛️ PANEL DE CONTROL'!B34, "C+", IF(P40>='🎛️ PANEL DE CONTROL'!B35, "C", IF(P40>='🎛️ PANEL DE CONTROL'!B36, "C-", IF(P40>='🎛️ PANEL DE CONTROL'!B37, "D", "F")))))))))) | R40: =P40-'📊 Datos Originales'!I40
A41: ='📊 Datos Originales'!A41 | B41: ='📊 Datos Originales'!B41 | C41: ='📊 Datos Originales'!C41 | D41: ='📊 Datos Originales'!D41 | E41: ='📊 Datos Originales'!E41 | F41: =(C41/600)*'🎛️ PANEL DE CONTROL'!B6 | G41: =(D41/150)*'🎛️ PANEL DE CONTROL'!B7 | H41: =(E41/250)*'🎛️ PANEL DE CONTROL'!B8 | I41: =F41+G41+H41 | J41: ==IF('📊 Datos Originales'!L41>30, '🎛️ PANEL DE CONTROL'!B13, 0)+=IF('📊 Datos Originales'!N41>80, '🎛️ PANEL DE CONTROL'!B15, 0) | K41: ==IF('📊 Datos Originales'!M41<10, '🎛️ PANEL DE CONTROL'!B14, 0)+=IF('📊 Datos Originales'!O41>24, '🎛️ PANEL DE CONTROL'!B16, 0) | L41: =MAX(0, MIN(1000, I41-J41+K41)) | M41: ='📊 Datos Originales'!H41 | N41: =IF('📊 Datos Originales'!P41="muy_nuevo", '🎛️ PANEL DE CONTROL'!B20, IF('📊 Datos Originales'!P41="nuevo", '🎛️ PANEL DE CONTROL'!B21, IF('📊 Datos Originales'!P41="intermedio", '🎛️ PANEL DE CONTROL'!B22, IF('📊 Datos Originales'!P41="establecido", '🎛️ PANEL DE CONTROL'!B23, '🎛️ PANEL DE CONTROL'!B24)))) | O41: =1-N41 | P41: =(L41*N41)+(M41*O41) | Q41: =IF(P41>='🎛️ PANEL DE CONTROL'!B28, "A+", IF(P41>='🎛️ PANEL DE CONTROL'!B29, "A", IF(P41>='🎛️ PANEL DE CONTROL'!B30, "A-", IF(P41>='🎛️ PANEL DE CONTROL'!B31, "B+", IF(P41>='🎛️ PANEL DE CONTROL'!B32, "B", IF(P41>='🎛️ PANEL DE CONTROL'!B33, "B-", IF(P41>='🎛️ PANEL DE CONTROL'!B34, "C+", IF(P41>='🎛️ PANEL DE CONTROL'!B35, "C", IF(P41>='🎛️ PANEL DE CONTROL'!B36, "C-", IF(P41>='🎛️ PANEL DE CONTROL'!B37, "D", "F")))))))))) | R41: =P41-'📊 Datos Originales'!I41
A42: ='📊 Datos Originales'!A42 | B42: ='📊 Datos Originales'!B42 | C42: ='📊 Datos Originales'!C42 | D42: ='📊 Datos Originales'!D42 | E42: ='📊 Datos Originales'!E42 | F42: =(C42/600)*'🎛️ PANEL DE CONTROL'!B6 | G42: =(D42/150)*'🎛️ PANEL DE CONTROL'!B7 | H42: =(E42/250)*'🎛️ PANEL DE CONTROL'!B8 | I42: =F42+G42+H42 | J42: ==IF('📊 Datos Originales'!L42>30, '🎛️ PANEL DE CONTROL'!B13, 0)+=IF('📊 Datos Originales'!N42>80, '🎛️ PANEL DE CONTROL'!B15, 0) | K42: ==IF('📊 Datos Originales'!M42<10, '🎛️ PANEL DE CONTROL'!B14, 0)+=IF('📊 Datos Originales'!O42>24, '🎛️ PANEL DE CONTROL'!B16, 0) | L42: =MAX(0, MIN(1000, I42-J42+K42)) | M42: ='📊 Datos Originales'!H42 | N42: =IF('📊 Datos Originales'!P42="muy_nuevo", '🎛️ PANEL DE CONTROL'!B20, IF('📊 Datos Originales'!P42="nuevo", '🎛️ PANEL DE CONTROL'!B21, IF('📊 Datos Originales'!P42="intermedio", '🎛️ PANEL DE CONTROL'!B22, IF('📊 Datos Originales'!P42="establecido", '🎛️ PANEL DE CONTROL'!B23, '🎛️ PANEL DE CONTROL'!B24)))) | O42: =1-N42 | P42: =(L42*N42)+(M42*O42) | Q42: =IF(P42>='🎛️ PANEL DE CONTROL'!B28, "A+", IF(P42>='🎛️ PANEL DE CONTROL'!B29, "A", IF(P42>='🎛️ PANEL DE CONTROL'!B30, "A-", IF(P42>='🎛️ PANEL DE CONTROL'!B31, "B+", IF(P42>='🎛️ PANEL DE CONTROL'!B32, "B", IF(P42>='🎛️ PANEL DE CONTROL'!B33, "B-", IF(P42>='🎛️ PANEL DE CONTROL'!B34, "C+", IF(P42>='🎛️ PANEL DE CONTROL'!B35, "C", IF(P42>='🎛️ PANEL DE CONTROL'!B36, "C-", IF(P42>='🎛️ PANEL DE CONTROL'!B37, "D", "F")))))))))) | R42: =P42-'📊 Datos Originales'!I42
A43: ='📊 Datos Originales'!A43 | B43: ='📊 Datos Originales'!B43 | C43: ='📊 Datos Originales'!C43 | D43: ='📊 Datos Originales'!D43 | E43: ='📊 Datos Originales'!E43 | F43: =(C43/600)*'🎛️ PANEL DE CONTROL'!B6 | G43: =(D43/150)*'🎛️ PANEL DE CONTROL'!B7 | H43: =(E43/250)*'🎛️ PANEL DE CONTROL'!B8 | I43: =F43+G43+H43 | J43: ==IF('📊 Datos Originales'!L43>30, '🎛️ PANEL DE CONTROL'!B13, 0)+=IF('📊 Datos Originales'!N43>80, '🎛️ PANEL DE CONTROL'!B15, 0) | K43: ==IF('📊 Datos Originales'!M43<10, '🎛️ PANEL DE CONTROL'!B14, 0)+=IF('📊 Datos Originales'!O43>24, '🎛️ PANEL DE CONTROL'!B16, 0) | L43: =MAX(0, MIN(1000, I43-J43+K43)) | M43: ='📊 Datos Originales'!H43 | N43: =IF('📊 Datos Originales'!P43="muy_nuevo", '🎛️ PANEL DE CONTROL'!B20, IF('📊 Datos Originales'!P43="nuevo", '🎛️ PANEL DE CONTROL'!B21, IF('📊 Datos Originales'!P43="intermedio", '🎛️ PANEL DE CONTROL'!B22, IF('📊 Datos Originales'!P43="establecido", '🎛️ PANEL DE CONTROL'!B23, '🎛️ PANEL DE CONTROL'!B24)))) | O43: =1-N43 | P43: =(L43*N43)+(M43*O43) | Q43: =IF(P43>='🎛️ PANEL DE CONTROL'!B28, "A+", IF(P43>='🎛️ PANEL DE CONTROL'!B29, "A", IF(P43>='🎛️ PANEL DE CONTROL'!B30, "A-", IF(P43>='🎛️ PANEL DE CONTROL'!B31, "B+", IF(P43>='🎛️ PANEL DE CONTROL'!B32, "B", IF(P43>='🎛️ PANEL DE CONTROL'!B33, "B-", IF(P43>='🎛️ PANEL DE CONTROL'!B34, "C+", IF(P43>='🎛️ PANEL DE CONTROL'!B35, "C", IF(P43>='🎛️ PANEL DE CONTROL'!B36, "C-", IF(P43>='🎛️ PANEL DE CONTROL'!B37, "D", "F")))))))))) | R43: =P43-'📊 Datos Originales'!I43
A44: ='📊 Datos Originales'!A44 | B44: ='📊 Datos Originales'!B44 | C44: ='📊 Datos Originales'!C44 | D44: ='📊 Datos Originales'!D44 | E44: ='📊 Datos Originales'!E44 | F44: =(C44/600)*'🎛️ PANEL DE CONTROL'!B6 | G44: =(D44/150)*'🎛️ PANEL DE CONTROL'!B7 | H44: =(E44/250)*'🎛️ PANEL DE CONTROL'!B8 | I44: =F44+G44+H44 | J44: ==IF('📊 Datos Originales'!L44>30, '🎛️ PANEL DE CONTROL'!B13, 0)+=IF('📊 Datos Originales'!N44>80, '🎛️ PANEL DE CONTROL'!B15, 0) | K44: ==IF('📊 Datos Originales'!M44<10, '🎛️ PANEL DE CONTROL'!B14, 0)+=IF('📊 Datos Originales'!O44>24, '🎛️ PANEL DE CONTROL'!B16, 0) | L44: =MAX(0, MIN(1000, I44-J44+K44)) | M44: ='📊 Datos Originales'!H44 | N44: =IF('📊 Datos Originales'!P44="muy_nuevo", '🎛️ PANEL DE CONTROL'!B20, IF('📊 Datos Originales'!P44="nuevo", '🎛️ PANEL DE CONTROL'!B21, IF('📊 Datos Originales'!P44="intermedio", '🎛️ PANEL DE CONTROL'!B22, IF('📊 Datos Originales'!P44="establecido", '🎛️ PANEL DE CONTROL'!B23, '🎛️ PANEL DE CONTROL'!B24)))) | O44: =1-N44 | P44: =(L44*N44)+(M44*O44) | Q44: =IF(P44>='🎛️ PANEL DE CONTROL'!B28, "A+", IF(P44>='🎛️ PANEL DE CONTROL'!B29, "A", IF(P44>='🎛️ PANEL DE CONTROL'!B30, "A-", IF(P44>='🎛️ PANEL DE CONTROL'!B31, "B+", IF(P44>='🎛️ PANEL DE CONTROL'!B32, "B", IF(P44>='🎛️ PANEL DE CONTROL'!B33, "B-", IF(P44>='🎛️ PANEL DE CONTROL'!B34, "C+", IF(P44>='🎛️ PANEL DE CONTROL'!B35, "C", IF(P44>='🎛️ PANEL DE CONTROL'!B36, "C-", IF(P44>='🎛️ PANEL DE CONTROL'!B37, "D", "F")))))))))) | R44: =P44-'📊 Datos Originales'!I44
A45: ='📊 Datos Originales'!A45 | B45: ='📊 Datos Originales'!B45 | C45: ='📊 Datos Originales'!C45 | D45: ='📊 Datos Originales'!D45 | E45: ='📊 Datos Originales'!E45 | F45: =(C45/600)*'🎛️ PANEL DE CONTROL'!B6 | G45: =(D45/150)*'🎛️ PANEL DE CONTROL'!B7 | H45: =(E45/250)*'🎛️ PANEL DE CONTROL'!B8 | I45: =F45+G45+H45 | J45: ==IF('📊 Datos Originales'!L45>30, '🎛️ PANEL DE CONTROL'!B13, 0)+=IF('📊 Datos Originales'!N45>80, '🎛️ PANEL DE CONTROL'!B15, 0) | K45: ==IF('📊 Datos Originales'!M45<10, '🎛️ PANEL DE CONTROL'!B14, 0)+=IF('📊 Datos Originales'!O45>24, '🎛️ PANEL DE CONTROL'!B16, 0) | L45: =MAX(0, MIN(1000, I45-J45+K45)) | M45: ='📊 Datos Originales'!H45 | N45: =IF('📊 Datos Originales'!P45="muy_nuevo", '🎛️ PANEL DE CONTROL'!B20, IF('📊 Datos Originales'!P45="nuevo", '🎛️ PANEL DE CONTROL'!B21, IF('📊 Datos Originales'!P45="intermedio", '🎛️ PANEL DE CONTROL'!B22, IF('📊 Datos Originales'!P45="establecido", '🎛️ PANEL DE CONTROL'!B23, '🎛️ PANEL DE CONTROL'!B24)))) | O45: =1-N45 | P45: =(L45*N45)+(M45*O45) | Q45: =IF(P45>='🎛️ PANEL DE CONTROL'!B28, "A+", IF(P45>='🎛️ PANEL DE CONTROL'!B29, "A", IF(P45>='🎛️ PANEL DE CONTROL'!B30, "A-", IF(P45>='🎛️ PANEL DE CONTROL'!B31, "B+", IF(P45>='🎛️ PANEL DE CONTROL'!B32, "B", IF(P45>='🎛️ PANEL DE CONTROL'!B33, "B-", IF(P45>='🎛️ PANEL DE CONTROL'!B34, "C+", IF(P45>='🎛️ PANEL DE CONTROL'!B35, "C", IF(P45>='🎛️ PANEL DE CONTROL'!B36, "C-", IF(P45>='🎛️ PANEL DE CONTROL'!B37, "D", "F")))))))))) | R45: =P45-'📊 Datos Originales'!I45
A46: ='📊 Datos Originales'!A46 | B46: ='📊 Datos Originales'!B46 | C46: ='📊 Datos Originales'!C46 | D46: ='📊 Datos Originales'!D46 | E46: ='📊 Datos Originales'!E46 | F46: =(C46/600)*'🎛️ PANEL DE CONTROL'!B6 | G46: =(D46/150)*'🎛️ PANEL DE CONTROL'!B7 | H46: =(E46/250)*'🎛️ PANEL DE CONTROL'!B8 | I46: =F46+G46+H46 | J46: ==IF('📊 Datos Originales'!L46>30, '🎛️ PANEL DE CONTROL'!B13, 0)+=IF('📊 Datos Originales'!N46>80, '🎛️ PANEL DE CONTROL'!B15, 0) | K46: ==IF('📊 Datos Originales'!M46<10, '🎛️ PANEL DE CONTROL'!B14, 0)+=IF('📊 Datos Originales'!O46>24, '🎛️ PANEL DE CONTROL'!B16, 0) | L46: =MAX(0, MIN(1000, I46-J46+K46)) | M46: ='📊 Datos Originales'!H46 | N46: =IF('📊 Datos Originales'!P46="muy_nuevo", '🎛️ PANEL DE CONTROL'!B20, IF('📊 Datos Originales'!P46="nuevo", '🎛️ PANEL DE CONTROL'!B21, IF('📊 Datos Originales'!P46="intermedio", '🎛️ PANEL DE CONTROL'!B22, IF('📊 Datos Originales'!P46="establecido", '🎛️ PANEL DE CONTROL'!B23, '🎛️ PANEL DE CONTROL'!B24)))) | O46: =1-N46 | P46: =(L46*N46)+(M46*O46) | Q46: =IF(P46>='🎛️ PANEL DE CONTROL'!B28, "A+", IF(P46>='🎛️ PANEL DE CONTROL'!B29, "A", IF(P46>='🎛️ PANEL DE CONTROL'!B30, "A-", IF(P46>='🎛️ PANEL DE CONTROL'!B31, "B+", IF(P46>='🎛️ PANEL DE CONTROL'!B32, "B", IF(P46>='🎛️ PANEL DE CONTROL'!B33, "B-", IF(P46>='🎛️ PANEL DE CONTROL'!B34, "C+", IF(P46>='🎛️ PANEL DE CONTROL'!B35, "C", IF(P46>='🎛️ PANEL DE CONTROL'!B36, "C-", IF(P46>='🎛️ PANEL DE CONTROL'!B37, "D", "F")))))))))) | R46: =P46-'📊 Datos Originales'!I46
A47: ='📊 Datos Originales'!A47 | B47: ='📊 Datos Originales'!B47 | C47: ='📊 Datos Originales'!C47 | D47: ='📊 Datos Originales'!D47 | E47: ='📊 Datos Originales'!E47 | F47: =(C47/600)*'🎛️ PANEL DE CONTROL'!B6 | G47: =(D47/150)*'🎛️ PANEL DE CONTROL'!B7 | H47: =(E47/250)*'🎛️ PANEL DE CONTROL'!B8 | I47: =F47+G47+H47 | J47: ==IF('📊 Datos Originales'!L47>30, '🎛️ PANEL DE CONTROL'!B13, 0)+=IF('📊 Datos Originales'!N47>80, '🎛️ PANEL DE CONTROL'!B15, 0) | K47: ==IF('📊 Datos Originales'!M47<10, '🎛️ PANEL DE CONTROL'!B14, 0)+=IF('📊 Datos Originales'!O47>24, '🎛️ PANEL DE CONTROL'!B16, 0) | L47: =MAX(0, MIN(1000, I47-J47+K47)) | M47: ='📊 Datos Originales'!H47 | N47: =IF('📊 Datos Originales'!P47="muy_nuevo", '🎛️ PANEL DE CONTROL'!B20, IF('📊 Datos Originales'!P47="nuevo", '🎛️ PANEL DE CONTROL'!B21, IF('📊 Datos Originales'!P47="intermedio", '🎛️ PANEL DE CONTROL'!B22, IF('📊 Datos Originales'!P47="establecido", '🎛️ PANEL DE CONTROL'!B23, '🎛️ PANEL DE CONTROL'!B24)))) | O47: =1-N47 | P47: =(L47*N47)+(M47*O47) | Q47: =IF(P47>='🎛️ PANEL DE CONTROL'!B28, "A+", IF(P47>='🎛️ PANEL DE CONTROL'!B29, "A", IF(P47>='🎛️ PANEL DE CONTROL'!B30, "A-", IF(P47>='🎛️ PANEL DE CONTROL'!B31, "B+", IF(P47>='🎛️ PANEL DE CONTROL'!B32, "B", IF(P47>='🎛️ PANEL DE CONTROL'!B33, "B-", IF(P47>='🎛️ PANEL DE CONTROL'!B34, "C+", IF(P47>='🎛️ PANEL DE CONTROL'!B35, "C", IF(P47>='🎛️ PANEL DE CONTROL'!B36, "C-", IF(P47>='🎛️ PANEL DE CONTROL'!B37, "D", "F")))))))))) | R47: =P47-'📊 Datos Originales'!I47
A48: ='📊 Datos Originales'!A48 | B48: ='📊 Datos Originales'!B48 | C48: ='📊 Datos Originales'!C48 | D48: ='📊 Datos Originales'!D48 | E48: ='📊 Datos Originales'!E48 | F48: =(C48/600)*'🎛️ PANEL DE CONTROL'!B6 | G48: =(D48/150)*'🎛️ PANEL DE CONTROL'!B7 | H48: =(E48/250)*'🎛️ PANEL DE CONTROL'!B8 | I48: =F48+G48+H48 | J48: ==IF('📊 Datos Originales'!L48>30, '🎛️ PANEL DE CONTROL'!B13, 0)+=IF('📊 Datos Originales'!N48>80, '🎛️ PANEL DE CONTROL'!B15, 0) | K48: ==IF('📊 Datos Originales'!M48<10, '🎛️ PANEL DE CONTROL'!B14, 0)+=IF('📊 Datos Originales'!O48>24, '🎛️ PANEL DE CONTROL'!B16, 0) | L48: =MAX(0, MIN(1000, I48-J48+K48)) | M48: ='📊 Datos Originales'!H48 | N48: =IF('📊 Datos Originales'!P48="muy_nuevo", '🎛️ PANEL DE CONTROL'!B20, IF('📊 Datos Originales'!P48="nuevo", '🎛️ PANEL DE CONTROL'!B21, IF('📊 Datos Originales'!P48="intermedio", '🎛️ PANEL DE CONTROL'!B22, IF('📊 Datos Originales'!P48="establecido", '🎛️ PANEL DE CONTROL'!B23, '🎛️ PANEL DE CONTROL'!B24)))) | O48: =1-N48 | P48: =(L48*N48)+(M48*O48) | Q48: =IF(P48>='🎛️ PANEL DE CONTROL'!B28, "A+", IF(P48>='🎛️ PANEL DE CONTROL'!B29, "A", IF(P48>='🎛️ PANEL DE CONTROL'!B30, "A-", IF(P48>='🎛️ PANEL DE CONTROL'!B31, "B+", IF(P48>='🎛️ PANEL DE CONTROL'!B32, "B", IF(P48>='🎛️ PANEL DE CONTROL'!B33, "B-", IF(P48>='🎛️ PANEL DE CONTROL'!B34, "C+", IF(P48>='🎛️ PANEL DE CONTROL'!B35, "C", IF(P48>='🎛️ PANEL DE CONTROL'!B36, "C-", IF(P48>='🎛️ PANEL DE CONTROL'!B37, "D", "F")))))))))) | R48: =P48-'📊 Datos Originales'!I48
A49: ='📊 Datos Originales'!A49 | B49: ='📊 Datos Originales'!B49 | C49: ='📊 Datos Originales'!C49 | D49: ='📊 Datos Originales'!D49 | E49: ='📊 Datos Originales'!E49 | F49: =(C49/600)*'🎛️ PANEL DE CONTROL'!B6 | G49: =(D49/150)*'🎛️ PANEL DE CONTROL'!B7 | H49: =(E49/250)*'🎛️ PANEL DE CONTROL'!B8 | I49: =F49+G49+H49 | J49: ==IF('📊 Datos Originales'!L49>30, '🎛️ PANEL DE CONTROL'!B13, 0)+=IF('📊 Datos Originales'!N49>80, '🎛️ PANEL DE CONTROL'!B15, 0) | K49: ==IF('📊 Datos Originales'!M49<10, '🎛️ PANEL DE CONTROL'!B14, 0)+=IF('📊 Datos Originales'!O49>24, '🎛️ PANEL DE CONTROL'!B16, 0) | L49: =MAX(0, MIN(1000, I49-J49+K49)) | M49: ='📊 Datos Originales'!H49 | N49: =IF('📊 Datos Originales'!P49="muy_nuevo", '🎛️ PANEL DE CONTROL'!B20, IF('📊 Datos Originales'!P49="nuevo", '🎛️ PANEL DE CONTROL'!B21, IF('📊 Datos Originales'!P49="intermedio", '🎛️ PANEL DE CONTROL'!B22, IF('📊 Datos Originales'!P49="establecido", '🎛️ PANEL DE CONTROL'!B23, '🎛️ PANEL DE CONTROL'!B24)))) | O49: =1-N49 | P49: =(L49*N49)+(M49*O49) | Q49: =IF(P49>='🎛️ PANEL DE CONTROL'!B28, "A+", IF(P49>='🎛️ PANEL DE CONTROL'!B29, "A", IF(P49>='🎛️ PANEL DE CONTROL'!B30, "A-", IF(P49>='🎛️ PANEL DE CONTROL'!B31, "B+", IF(P49>='🎛️ PANEL DE CONTROL'!B32, "B", IF(P49>='🎛️ PANEL DE CONTROL'!B33, "B-", IF(P49>='🎛️ PANEL DE CONTROL'!B34, "C+", IF(P49>='🎛️ PANEL DE CONTROL'!B35, "C", IF(P49>='🎛️ PANEL DE CONTROL'!B36, "C-", IF(P49>='🎛️ PANEL DE CONTROL'!B37, "D", "F")))))))))) | R49: =P49-'📊 Datos Originales'!I49
A50: ='📊 Datos Originales'!A50 | B50: ='📊 Datos Originales'!B50 | C50: ='📊 Datos Originales'!C50 | D50: ='📊 Datos Originales'!D50 | E50: ='📊 Datos Originales'!E50 | F50: =(C50/600)*'🎛️ PANEL DE CONTROL'!B6 | G50: =(D50/150)*'🎛️ PANEL DE CONTROL'!B7 | H50: =(E50/250)*'🎛️ PANEL DE CONTROL'!B8 | I50: =F50+G50+H50 | J50: ==IF('📊 Datos Originales'!L50>30, '🎛️ PANEL DE CONTROL'!B13, 0)+=IF('📊 Datos Originales'!N50>80, '🎛️ PANEL DE CONTROL'!B15, 0) | K50: ==IF('📊 Datos Originales'!M50<10, '🎛️ PANEL DE CONTROL'!B14, 0)+=IF('📊 Datos Originales'!O50>24, '🎛️ PANEL DE CONTROL'!B16, 0) | L50: =MAX(0, MIN(1000, I50-J50+K50)) | M50: ='📊 Datos Originales'!H50 | N50: =IF('📊 Datos Originales'!P50="muy_nuevo", '🎛️ PANEL DE CONTROL'!B20, IF('📊 Datos Originales'!P50="nuevo", '🎛️ PANEL DE CONTROL'!B21, IF('📊 Datos Originales'!P50="intermedio", '🎛️ PANEL DE CONTROL'!B22, IF('📊 Datos Originales'!P50="establecido", '🎛️ PANEL DE CONTROL'!B23, '🎛️ PANEL DE CONTROL'!B24)))) | O50: =1-N50 | P50: =(L50*N50)+(M50*O50) | Q50: =IF(P50>='🎛️ PANEL DE CONTROL'!B28, "A+", IF(P50>='🎛️ PANEL DE CONTROL'!B29, "A", IF(P50>='🎛️ PANEL DE CONTROL'!B30, "A-", IF(P50>='🎛️ PANEL DE CONTROL'!B31, "B+", IF(P50>='🎛️ PANEL DE CONTROL'!B32, "B", IF(P50>='🎛️ PANEL DE CONTROL'!B33, "B-", IF(P50>='🎛️ PANEL DE CONTROL'!B34, "C+", IF(P50>='🎛️ PANEL DE CONTROL'!B35, "C", IF(P50>='🎛️ PANEL DE CONTROL'!B36, "C-", IF(P50>='🎛️ PANEL DE CONTROL'!B37, "D", "F")))))))))) | R50: =P50-'📊 Datos Originales'!I50
A51: ='📊 Datos Originales'!A51 | B51: ='📊 Datos Originales'!B51 | C51: ='📊 Datos Originales'!C51 | D51: ='📊 Datos Originales'!D51 | E51: ='📊 Datos Originales'!E51 | F51: =(C51/600)*'🎛️ PANEL DE CONTROL'!B6 | G51: =(D51/150)*'🎛️ PANEL DE CONTROL'!B7 | H51: =(E51/250)*'🎛️ PANEL DE CONTROL'!B8 | I51: =F51+G51+H51 | J51: ==IF('📊 Datos Originales'!L51>30, '🎛️ PANEL DE CONTROL'!B13, 0)+=IF('📊 Datos Originales'!N51>80, '🎛️ PANEL DE CONTROL'!B15, 0) | K51: ==IF('📊 Datos Originales'!M51<10, '🎛️ PANEL DE CONTROL'!B14, 0)+=IF('📊 Datos Originales'!O51>24, '🎛️ PANEL DE CONTROL'!B16, 0) | L51: =MAX(0, MIN(1000, I51-J51+K51)) | M51: ='📊 Datos Originales'!H51 | N51: =IF('📊 Datos Originales'!P51="muy_nuevo", '🎛️ PANEL DE CONTROL'!B20, IF('📊 Datos Originales'!P51="nuevo", '🎛️ PANEL DE CONTROL'!B21, IF('📊 Datos Originales'!P51="intermedio", '🎛️ PANEL DE CONTROL'!B22, IF('📊 Datos Originales'!P51="establecido", '🎛️ PANEL DE CONTROL'!B23, '🎛️ PANEL DE CONTROL'!B24)))) | O51: =1-N51 | P51: =(L51*N51)+(M51*O51) | Q51: =IF(P51>='🎛️ PANEL DE CONTROL'!B28, "A+", IF(P51>='🎛️ PANEL DE CONTROL'!B29, "A", IF(P51>='🎛️ PANEL DE CONTROL'!B30, "A-", IF(P51>='🎛️ PANEL DE CONTROL'!B31, "B+", IF(P51>='🎛️ PANEL DE CONTROL'!B32, "B", IF(P51>='🎛️ PANEL DE CONTROL'!B33, "B-", IF(P51>='🎛️ PANEL DE CONTROL'!B34, "C+", IF(P51>='🎛️ PANEL DE CONTROL'!B35, "C", IF(P51>='🎛️ PANEL DE CONTROL'!B36, "C-", IF(P51>='🎛️ PANEL DE CONTROL'!B37, "D", "F")))))))))) | R51: =P51-'📊 Datos Originales'!I51
A52: ='📊 Datos Originales'!A52 | B52: ='📊 Datos Originales'!B52 | C52: ='📊 Datos Originales'!C52 | D52: ='📊 Datos Originales'!D52 | E52: ='📊 Datos Originales'!E52 | F52: =(C52/600)*'🎛️ PANEL DE CONTROL'!B6 | G52: =(D52/150)*'🎛️ PANEL DE CONTROL'!B7 | H52: =(E52/250)*'🎛️ PANEL DE CONTROL'!B8 | I52: =F52+G52+H52 | J52: ==IF('📊 Datos Originales'!L52>30, '🎛️ PANEL DE CONTROL'!B13, 0)+=IF('📊 Datos Originales'!N52>80, '🎛️ PANEL DE CONTROL'!B15, 0) | K52: ==IF('📊 Datos Originales'!M52<10, '🎛️ PANEL DE CONTROL'!B14, 0)+=IF('📊 Datos Originales'!O52>24, '🎛️ PANEL DE CONTROL'!B16, 0) | L52: =MAX(0, MIN(1000, I52-J52+K52)) | M52: ='📊 Datos Originales'!H52 | N52: =IF('📊 Datos Originales'!P52="muy_nuevo", '🎛️ PANEL DE CONTROL'!B20, IF('📊 Datos Originales'!P52="nuevo", '🎛️ PANEL DE CONTROL'!B21, IF('📊 Datos Originales'!P52="intermedio", '🎛️ PANEL DE CONTROL'!B22, IF('📊 Datos Originales'!P52="establecido", '🎛️ PANEL DE CONTROL'!B23, '🎛️ PANEL DE CONTROL'!B24)))) | O52: =1-N52 | P52: =(L52*N52)+(M52*O52) | Q52: =IF(P52>='🎛️ PANEL DE CONTROL'!B28, "A+", IF(P52>='🎛️ PANEL DE CONTROL'!B29, "A", IF(P52>='🎛️ PANEL DE CONTROL'!B30, "A-", IF(P52>='🎛️ PANEL DE CONTROL'!B31, "B+", IF(P52>='🎛️ PANEL DE CONTROL'!B32, "B", IF(P52>='🎛️ PANEL DE CONTROL'!B33, "B-", IF(P52>='🎛️ PANEL DE CONTROL'!B34, "C+", IF(P52>='🎛️ PANEL DE CONTROL'!B35, "C", IF(P52>='🎛️ PANEL DE CONTROL'!B36, "C-", IF(P52>='🎛️ PANEL DE CONTROL'!B37, "D", "F")))))))))) | R52: =P52-'📊 Datos Originales'!I52
A53: ='📊 Datos Originales'!A53 | B53: ='📊 Datos Originales'!B53 | C53: ='📊 Datos Originales'!C53 | D53: ='📊 Datos Originales'!D53 | E53: ='📊 Datos Originales'!E53 | F53: =(C53/600)*'🎛️ PANEL DE CONTROL'!B6 | G53: =(D53/150)*'🎛️ PANEL DE CONTROL'!B7 | H53: =(E53/250)*'🎛️ PANEL DE CONTROL'!B8 | I53: =F53+G53+H53 | J53: ==IF('📊 Datos Originales'!L53>30, '🎛️ PANEL DE CONTROL'!B13, 0)+=IF('📊 Datos Originales'!N53>80, '🎛️ PANEL DE CONTROL'!B15, 0) | K53: ==IF('📊 Datos Originales'!M53<10, '🎛️ PANEL DE CONTROL'!B14, 0)+=IF('📊 Datos Originales'!O53>24, '🎛️ PANEL DE CONTROL'!B16, 0) | L53: =MAX(0, MIN(1000, I53-J53+K53)) | M53: ='📊 Datos Originales'!H53 | N53: =IF('📊 Datos Originales'!P53="muy_nuevo", '🎛️ PANEL DE CONTROL'!B20, IF('📊 Datos Originales'!P53="nuevo", '🎛️ PANEL DE CONTROL'!B21, IF('📊 Datos Originales'!P53="intermedio", '🎛️ PANEL DE CONTROL'!B22, IF('📊 Datos Originales'!P53="establecido", '🎛️ PANEL DE CONTROL'!B23, '🎛️ PANEL DE CONTROL'!B24)))) | O53: =1-N53 | P53: =(L53*N53)+(M53*O53) | Q53: =IF(P53>='🎛️ PANEL DE CONTROL'!B28, "A+", IF(P53>='🎛️ PANEL DE CONTROL'!B29, "A", IF(P53>='🎛️ PANEL DE CONTROL'!B30, "A-", IF(P53>='🎛️ PANEL DE CONTROL'!B31, "B+", IF(P53>='🎛️ PANEL DE CONTROL'!B32, "B", IF(P53>='🎛️ PANEL DE CONTROL'!B33, "B-", IF(P53>='🎛️ PANEL DE CONTROL'!B34, "C+", IF(P53>='🎛️ PANEL DE CONTROL'!B35, "C", IF(P53>='🎛️ PANEL DE CONTROL'!B36, "C-", IF(P53>='🎛️ PANEL DE CONTROL'!B37, "D", "F")))))))))) | R53: =P53-'📊 Datos Originales'!I53
A54: ='📊 Datos Originales'!A54 | B54: ='📊 Datos Originales'!B54 | C54: ='📊 Datos Originales'!C54 | D54: ='📊 Datos Originales'!D54 | E54: ='📊 Datos Originales'!E54 | F54: =(C54/600)*'🎛️ PANEL DE CONTROL'!B6 | G54: =(D54/150)*'🎛️ PANEL DE CONTROL'!B7 | H54: =(E54/250)*'🎛️ PANEL DE CONTROL'!B8 | I54: =F54+G54+H54 | J54: ==IF('📊 Datos Originales'!L54>30, '🎛️ PANEL DE CONTROL'!B13, 0)+=IF('📊 Datos Originales'!N54>80, '🎛️ PANEL DE CONTROL'!B15, 0) | K54: ==IF('📊 Datos Originales'!M54<10, '🎛️ PANEL DE CONTROL'!B14, 0)+=IF('📊 Datos Originales'!O54>24, '🎛️ PANEL DE CONTROL'!B16, 0) | L54: =MAX(0, MIN(1000, I54-J54+K54)) | M54: ='📊 Datos Originales'!H54 | N54: =IF('📊 Datos Originales'!P54="muy_nuevo", '🎛️ PANEL DE CONTROL'!B20, IF('📊 Datos Originales'!P54="nuevo", '🎛️ PANEL DE CONTROL'!B21, IF('📊 Datos Originales'!P54="intermedio", '🎛️ PANEL DE CONTROL'!B22, IF('📊 Datos Originales'!P54="establecido", '🎛️ PANEL DE CONTROL'!B23, '🎛️ PANEL DE CONTROL'!B24)))) | O54: =1-N54 | P54: =(L54*N54)+(M54*O54) | Q54: =IF(P54>='🎛️ PANEL DE CONTROL'!B28, "A+", IF(P54>='🎛️ PANEL DE CONTROL'!B29, "A", IF(P54>='🎛️ PANEL DE CONTROL'!B30, "A-", IF(P54>='🎛️ PANEL DE CONTROL'!B31, "B+", IF(P54>='🎛️ PANEL DE CONTROL'!B32, "B", IF(P54>='🎛️ PANEL DE CONTROL'!B33, "B-", IF(P54>='🎛️ PANEL DE CONTROL'!B34, "C+", IF(P54>='🎛️ PANEL DE CONTROL'!B35, "C", IF(P54>='🎛️ PANEL DE CONTROL'!B36, "C-", IF(P54>='🎛️ PANEL DE CONTROL'!B37, "D", "F")))))))))) | R54: =P54-'📊 Datos Originales'!I54
A55: ='📊 Datos Originales'!A55 | B55: ='📊 Datos Originales'!B55 | C55: ='📊 Datos Originales'!C55 | D55: ='📊 Datos Originales'!D55 | E55: ='📊 Datos Originales'!E55 | F55: =(C55/600)*'🎛️ PANEL DE CONTROL'!B6 | G55: =(D55/150)*'🎛️ PANEL DE CONTROL'!B7 | H55: =(E55/250)*'🎛️ PANEL DE CONTROL'!B8 | I55: =F55+G55+H55 | J55: ==IF('📊 Datos Originales'!L55>30, '🎛️ PANEL DE CONTROL'!B13, 0)+=IF('📊 Datos Originales'!N55>80, '🎛️ PANEL DE CONTROL'!B15, 0) | K55: ==IF('📊 Datos Originales'!M55<10, '🎛️ PANEL DE CONTROL'!B14, 0)+=IF('📊 Datos Originales'!O55>24, '🎛️ PANEL DE CONTROL'!B16, 0) | L55: =MAX(0, MIN(1000, I55-J55+K55)) | M55: ='📊 Datos Originales'!H55 | N55: =IF('📊 Datos Originales'!P55="muy_nuevo", '🎛️ PANEL DE CONTROL'!B20, IF('📊 Datos Originales'!P55="nuevo", '🎛️ PANEL DE CONTROL'!B21, IF('📊 Datos Originales'!P55="intermedio", '🎛️ PANEL DE CONTROL'!B22, IF('📊 Datos Originales'!P55="establecido", '🎛️ PANEL DE CONTROL'!B23, '🎛️ PANEL DE CONTROL'!B24)))) | O55: =1-N55 | P55: =(L55*N55)+(M55*O55) | Q55: =IF(P55>='🎛️ PANEL DE CONTROL'!B28, "A+", IF(P55>='🎛️ PANEL DE CONTROL'!B29, "A", IF(P55>='🎛️ PANEL DE CONTROL'!B30, "A-", IF(P55>='🎛️ PANEL DE CONTROL'!B31, "B+", IF(P55>='🎛️ PANEL DE CONTROL'!B32, "B", IF(P55>='🎛️ PANEL DE CONTROL'!B33, "B-", IF(P55>='🎛️ PANEL DE CONTROL'!B34, "C+", IF(P55>='🎛️ PANEL DE CONTROL'!B35, "C", IF(P55>='🎛️ PANEL DE CONTROL'!B36, "C-", IF(P55>='🎛️ PANEL DE CONTROL'!B37, "D", "F")))))))))) | R55: =P55-'📊 Datos Originales'!I55
A56: ='📊 Datos Originales'!A56 | B56: ='📊 Datos Originales'!B56 | C56: ='📊 Datos Originales'!C56 | D56: ='📊 Datos Originales'!D56 | E56: ='📊 Datos Originales'!E56 | F56: =(C56/600)*'🎛️ PANEL DE CONTROL'!B6 | G56: =(D56/150)*'🎛️ PANEL DE CONTROL'!B7 | H56: =(E56/250)*'🎛️ PANEL DE CONTROL'!B8 | I56: =F56+G56+H56 | J56: ==IF('📊 Datos Originales'!L56>30, '🎛️ PANEL DE CONTROL'!B13, 0)+=IF('📊 Datos Originales'!N56>80, '🎛️ PANEL DE CONTROL'!B15, 0) | K56: ==IF('📊 Datos Originales'!M56<10, '🎛️ PANEL DE CONTROL'!B14, 0)+=IF('📊 Datos Originales'!O56>24, '🎛️ PANEL DE CONTROL'!B16, 0) | L56: =MAX(0, MIN(1000, I56-J56+K56)) | M56: ='📊 Datos Originales'!H56 | N56: =IF('📊 Datos Originales'!P56="muy_nuevo", '🎛️ PANEL DE CONTROL'!B20, IF('📊 Datos Originales'!P56="nuevo", '🎛️ PANEL DE CONTROL'!B21, IF('📊 Datos Originales'!P56="intermedio", '🎛️ PANEL DE CONTROL'!B22, IF('📊 Datos Originales'!P56="establecido", '🎛️ PANEL DE CONTROL'!B23, '🎛️ PANEL DE CONTROL'!B24)))) | O56: =1-N56 | P56: =(L56*N56)+(M56*O56) | Q56: =IF(P56>='🎛️ PANEL DE CONTROL'!B28, "A+", IF(P56>='🎛️ PANEL DE CONTROL'!B29, "A", IF(P56>='🎛️ PANEL DE CONTROL'!B30, "A-", IF(P56>='🎛️ PANEL DE CONTROL'!B31, "B+", IF(P56>='🎛️ PANEL DE CONTROL'!B32, "B", IF(P56>='🎛️ PANEL DE CONTROL'!B33, "B-", IF(P56>='🎛️ PANEL DE CONTROL'!B34, "C+", IF(P56>='🎛️ PANEL DE CONTROL'!B35, "C", IF(P56>='🎛️ PANEL DE CONTROL'!B36, "C-", IF(P56>='🎛️ PANEL DE CONTROL'!B37, "D", "F")))))))))) | R56: =P56-'📊 Datos Originales'!I56
A57: ='📊 Datos Originales'!A57 | B57: ='📊 Datos Originales'!B57 | C57: ='📊 Datos Originales'!C57 | D57: ='📊 Datos Originales'!D57 | E57: ='📊 Datos Originales'!E57 | F57: =(C57/600)*'🎛️ PANEL DE CONTROL'!B6 | G57: =(D57/150)*'🎛️ PANEL DE CONTROL'!B7 | H57: =(E57/250)*'🎛️ PANEL DE CONTROL'!B8 | I57: =F57+G57+H57 | J57: ==IF('📊 Datos Originales'!L57>30, '🎛️ PANEL DE CONTROL'!B13, 0)+=IF('📊 Datos Originales'!N57>80, '🎛️ PANEL DE CONTROL'!B15, 0) | K57: ==IF('📊 Datos Originales'!M57<10, '🎛️ PANEL DE CONTROL'!B14, 0)+=IF('📊 Datos Originales'!O57>24, '🎛️ PANEL DE CONTROL'!B16, 0) | L57: =MAX(0, MIN(1000, I57-J57+K57)) | M57: ='📊 Datos Originales'!H57 | N57: =IF('📊 Datos Originales'!P57="muy_nuevo", '🎛️ PANEL DE CONTROL'!B20, IF('📊 Datos Originales'!P57="nuevo", '🎛️ PANEL DE CONTROL'!B21, IF('📊 Datos Originales'!P57="intermedio", '🎛️ PANEL DE CONTROL'!B22, IF('📊 Datos Originales'!P57="establecido", '🎛️ PANEL DE CONTROL'!B23, '🎛️ PANEL DE CONTROL'!B24)))) | O57: =1-N57 | P57: =(L57*N57)+(M57*O57) | Q57: =IF(P57>='🎛️ PANEL DE CONTROL'!B28, "A+", IF(P57>='🎛️ PANEL DE CONTROL'!B29, "A", IF(P57>='🎛️ PANEL DE CONTROL'!B30, "A-", IF(P57>='🎛️ PANEL DE CONTROL'!B31, "B+", IF(P57>='🎛️ PANEL DE CONTROL'!B32, "B", IF(P57>='🎛️ PANEL DE CONTROL'!B33, "B-", IF(P57>='🎛️ PANEL DE CONTROL'!B34, "C+", IF(P57>='🎛️ PANEL DE CONTROL'!B35, "C", IF(P57>='🎛️ PANEL DE CONTROL'!B36, "C-", IF(P57>='🎛️ PANEL DE CONTROL'!B37, "D", "F")))))))))) | R57: =P57-'📊 Datos Originales'!I57
A58: ='📊 Datos Originales'!A58 | B58: ='📊 Datos Originales'!B58 | C58: ='📊 Datos Originales'!C58 | D58: ='📊 Datos Originales'!D58 | E58: ='📊 Datos Originales'!E58 | F58: =(C58/600)*'🎛️ PANEL DE CONTROL'!B6 | G58: =(D58/150)*'🎛️ PANEL DE CONTROL'!B7 | H58: =(E58/250)*'🎛️ PANEL DE CONTROL'!B8 | I58: =F58+G58+H58 | J58: ==IF('📊 Datos Originales'!L58>30, '🎛️ PANEL DE CONTROL'!B13, 0)+=IF('📊 Datos Originales'!N58>80, '🎛️ PANEL DE CONTROL'!B15, 0) | K58: ==IF('📊 Datos Originales'!M58<10, '🎛️ PANEL DE CONTROL'!B14, 0)+=IF('📊 Datos Originales'!O58>24, '🎛️ PANEL DE CONTROL'!B16, 0) | L58: =MAX(0, MIN(1000, I58-J58+K58)) | M58: ='📊 Datos Originales'!H58 | N58: =IF('📊 Datos Originales'!P58="muy_nuevo", '🎛️ PANEL DE CONTROL'!B20, IF('📊 Datos Originales'!P58="nuevo", '🎛️ PANEL DE CONTROL'!B21, IF('📊 Datos Originales'!P58="intermedio", '🎛️ PANEL DE CONTROL'!B22, IF('📊 Datos Originales'!P58="establecido", '🎛️ PANEL DE CONTROL'!B23, '🎛️ PANEL DE CONTROL'!B24)))) | O58: =1-N58 | P58: =(L58*N58)+(M58*O58) | Q58: =IF(P58>='🎛️ PANEL DE CONTROL'!B28, "A+", IF(P58>='🎛️ PANEL DE CONTROL'!B29, "A", IF(P58>='🎛️ PANEL DE CONTROL'!B30, "A-", IF(P58>='🎛️ PANEL DE CONTROL'!B31, "B+", IF(P58>='🎛️ PANEL DE CONTROL'!B32, "B", IF(P58>='🎛️ PANEL DE CONTROL'!B33, "B-", IF(P58>='🎛️ PANEL DE CONTROL'!B34, "C+", IF(P58>='🎛️ PANEL DE CONTROL'!B35, "C", IF(P58>='🎛️ PANEL DE CONTROL'!B36, "C-", IF(P58>='🎛️ PANEL DE CONTROL'!B37, "D", "F")))))))))) | R58: =P58-'📊 Datos Originales'!I58
A59: ='📊 Datos Originales'!A59 | B59: ='📊 Datos Originales'!B59 | C59: ='📊 Datos Originales'!C59 | D59: ='📊 Datos Originales'!D59 | E59: ='📊 Datos Originales'!E59 | F59: =(C59/600)*'🎛️ PANEL DE CONTROL'!B6 | G59: =(D59/150)*'🎛️ PANEL DE CONTROL'!B7 | H59: =(E59/250)*'🎛️ PANEL DE CONTROL'!B8 | I59: =F59+G59+H59 | J59: ==IF('📊 Datos Originales'!L59>30, '🎛️ PANEL DE CONTROL'!B13, 0)+=IF('📊 Datos Originales'!N59>80, '🎛️ PANEL DE CONTROL'!B15, 0) | K59: ==IF('📊 Datos Originales'!M59<10, '🎛️ PANEL DE CONTROL'!B14, 0)+=IF('📊 Datos Originales'!O59>24, '🎛️ PANEL DE CONTROL'!B16, 0) | L59: =MAX(0, MIN(1000, I59-J59+K59)) | M59: ='📊 Datos Originales'!H59 | N59: =IF('📊 Datos Originales'!P59="muy_nuevo", '🎛️ PANEL DE CONTROL'!B20, IF('📊 Datos Originales'!P59="nuevo", '🎛️ PANEL DE CONTROL'!B21, IF('📊 Datos Originales'!P59="intermedio", '🎛️ PANEL DE CONTROL'!B22, IF('📊 Datos Originales'!P59="establecido", '🎛️ PANEL DE CONTROL'!B23, '🎛️ PANEL DE CONTROL'!B24)))) | O59: =1-N59 | P59: =(L59*N59)+(M59*O59) | Q59: =IF(P59>='🎛️ PANEL DE CONTROL'!B28, "A+", IF(P59>='🎛️ PANEL DE CONTROL'!B29, "A", IF(P59>='🎛️ PANEL DE CONTROL'!B30, "A-", IF(P59>='🎛️ PANEL DE CONTROL'!B31, "B+", IF(P59>='🎛️ PANEL DE CONTROL'!B32, "B", IF(P59>='🎛️ PANEL DE CONTROL'!B33, "B-", IF(P59>='🎛️ PANEL DE CONTROL'!B34, "C+", IF(P59>='🎛️ PANEL DE CONTROL'!B35, "C", IF(P59>='🎛️ PANEL DE CONTROL'!B36, "C-", IF(P59>='🎛️ PANEL DE CONTROL'!B37, "D", "F")))))))))) | R59: =P59-'📊 Datos Originales'!I59
A60: ='📊 Datos Originales'!A60 | B60: ='📊 Datos Originales'!B60 | C60: ='📊 Datos Originales'!C60 | D60: ='📊 Datos Originales'!D60 | E60: ='📊 Datos Originales'!E60 | F60: =(C60/600)*'🎛️ PANEL DE CONTROL'!B6 | G60: =(D60/150)*'🎛️ PANEL DE CONTROL'!B7 | H60: =(E60/250)*'🎛️ PANEL DE CONTROL'!B8 | I60: =F60+G60+H60 | J60: ==IF('📊 Datos Originales'!L60>30, '🎛️ PANEL DE CONTROL'!B13, 0)+=IF('📊 Datos Originales'!N60>80, '🎛️ PANEL DE CONTROL'!B15, 0) | K60: ==IF('📊 Datos Originales'!M60<10, '🎛️ PANEL DE CONTROL'!B14, 0)+=IF('📊 Datos Originales'!O60>24, '🎛️ PANEL DE CONTROL'!B16, 0) | L60: =MAX(0, MIN(1000, I60-J60+K60)) | M60: ='📊 Datos Originales'!H60 | N60: =IF('📊 Datos Originales'!P60="muy_nuevo", '🎛️ PANEL DE CONTROL'!B20, IF('📊 Datos Originales'!P60="nuevo", '🎛️ PANEL DE CONTROL'!B21, IF('📊 Datos Originales'!P60="intermedio", '🎛️ PANEL DE CONTROL'!B22, IF('📊 Datos Originales'!P60="establecido", '🎛️ PANEL DE CONTROL'!B23, '🎛️ PANEL DE CONTROL'!B24)))) | O60: =1-N60 | P60: =(L60*N60)+(M60*O60) | Q60: =IF(P60>='🎛️ PANEL DE CONTROL'!B28, "A+", IF(P60>='🎛️ PANEL DE CONTROL'!B29, "A", IF(P60>='🎛️ PANEL DE CONTROL'!B30, "A-", IF(P60>='🎛️ PANEL DE CONTROL'!B31, "B+", IF(P60>='🎛️ PANEL DE CONTROL'!B32, "B", IF(P60>='🎛️ PANEL DE CONTROL'!B33, "B-", IF(P60>='🎛️ PANEL DE CONTROL'!B34, "C+", IF(P60>='🎛️ PANEL DE CONTROL'!B35, "C", IF(P60>='🎛️ PANEL DE CONTROL'!B36, "C-", IF(P60>='🎛️ PANEL DE CONTROL'!B37, "D", "F")))))))))) | R60: =P60-'📊 Datos Originales'!I60
A61: ='📊 Datos Originales'!A61 | B61: ='📊 Datos Originales'!B61 | C61: ='📊 Datos Originales'!C61 | D61: ='📊 Datos Originales'!D61 | E61: ='📊 Datos Originales'!E61 | F61: =(C61/600)*'🎛️ PANEL DE CONTROL'!B6 | G61: =(D61/150)*'🎛️ PANEL DE CONTROL'!B7 | H61: =(E61/250)*'🎛️ PANEL DE CONTROL'!B8 | I61: =F61+G61+H61 | J61: ==IF('📊 Datos Originales'!L61>30, '🎛️ PANEL DE CONTROL'!B13, 0)+=IF('📊 Datos Originales'!N61>80, '🎛️ PANEL DE CONTROL'!B15, 0) | K61: ==IF('📊 Datos Originales'!M61<10, '🎛️ PANEL DE CONTROL'!B14, 0)+=IF('📊 Datos Originales'!O61>24, '🎛️ PANEL DE CONTROL'!B16, 0) | L61: =MAX(0, MIN(1000, I61-J61+K61)) | M61: ='📊 Datos Originales'!H61 | N61: =IF('📊 Datos Originales'!P61="muy_nuevo", '🎛️ PANEL DE CONTROL'!B20, IF('📊 Datos Originales'!P61="nuevo", '🎛️ PANEL DE CONTROL'!B21, IF('📊 Datos Originales'!P61="intermedio", '🎛️ PANEL DE CONTROL'!B22, IF('📊 Datos Originales'!P61="establecido", '🎛️ PANEL DE CONTROL'!B23, '🎛️ PANEL DE CONTROL'!B24)))) | O61: =1-N61 | P61: =(L61*N61)+(M61*O61) | Q61: =IF(P61>='🎛️ PANEL DE CONTROL'!B28, "A+", IF(P61>='🎛️ PANEL DE CONTROL'!B29, "A", IF(P61>='🎛️ PANEL DE CONTROL'!B30, "A-", IF(P61>='🎛️ PANEL DE CONTROL'!B31, "B+", IF(P61>='🎛️ PANEL DE CONTROL'!B32, "B", IF(P61>='🎛️ PANEL DE CONTROL'!B33, "B-", IF(P61>='🎛️ PANEL DE CONTROL'!B34, "C+", IF(P61>='🎛️ PANEL DE CONTROL'!B35, "C", IF(P61>='🎛️ PANEL DE CONTROL'!B36, "C-", IF(P61>='🎛️ PANEL DE CONTROL'!B37, "D", "F")))))))))) | R61: =P61-'📊 Datos Originales'!I61
A62: ='📊 Datos Originales'!A62 | B62: ='📊 Datos Originales'!B62 | C62: ='📊 Datos Originales'!C62 | D62: ='📊 Datos Originales'!D62 | E62: ='📊 Datos Originales'!E62 | F62: =(C62/600)*'🎛️ PANEL DE CONTROL'!B6 | G62: =(D62/150)*'🎛️ PANEL DE CONTROL'!B7 | H62: =(E62/250)*'🎛️ PANEL DE CONTROL'!B8 | I62: =F62+G62+H62 | J62: ==IF('📊 Datos Originales'!L62>30, '🎛️ PANEL DE CONTROL'!B13, 0)+=IF('📊 Datos Originales'!N62>80, '🎛️ PANEL DE CONTROL'!B15, 0) | K62: ==IF('📊 Datos Originales'!M62<10, '🎛️ PANEL DE CONTROL'!B14, 0)+=IF('📊 Datos Originales'!O62>24, '🎛️ PANEL DE CONTROL'!B16, 0) | L62: =MAX(0, MIN(1000, I62-J62+K62)) | M62: ='📊 Datos Originales'!H62 | N62: =IF('📊 Datos Originales'!P62="muy_nuevo", '🎛️ PANEL DE CONTROL'!B20, IF('📊 Datos Originales'!P62="nuevo", '🎛️ PANEL DE CONTROL'!B21, IF('📊 Datos Originales'!P62="intermedio", '🎛️ PANEL DE CONTROL'!B22, IF('📊 Datos Originales'!P62="establecido", '🎛️ PANEL DE CONTROL'!B23, '🎛️ PANEL DE CONTROL'!B24)))) | O62: =1-N62 | P62: =(L62*N62)+(M62*O62) | Q62: =IF(P62>='🎛️ PANEL DE CONTROL'!B28, "A+", IF(P62>='🎛️ PANEL DE CONTROL'!B29, "A", IF(P62>='🎛️ PANEL DE CONTROL'!B30, "A-", IF(P62>='🎛️ PANEL DE CONTROL'!B31, "B+", IF(P62>='🎛️ PANEL DE CONTROL'!B32, "B", IF(P62>='🎛️ PANEL DE CONTROL'!B33, "B-", IF(P62>='🎛️ PANEL DE CONTROL'!B34, "C+", IF(P62>='🎛️ PANEL DE CONTROL'!B35, "C", IF(P62>='🎛️ PANEL DE CONTROL'!B36, "C-", IF(P62>='🎛️ PANEL DE CONTROL'!B37, "D", "F")))))))))) | R62: =P62-'📊 Datos Originales'!I62
A63: ='📊 Datos Originales'!A63 | B63: ='📊 Datos Originales'!B63 | C63: ='📊 Datos Originales'!C63 | D63: ='📊 Datos Originales'!D63 | E63: ='📊 Datos Originales'!E63 | F63: =(C63/600)*'🎛️ PANEL DE CONTROL'!B6 | G63: =(D63/150)*'🎛️ PANEL DE CONTROL'!B7 | H63: =(E63/250)*'🎛️ PANEL DE CONTROL'!B8 | I63: =F63+G63+H63 | J63: ==IF('📊 Datos Originales'!L63>30, '🎛️ PANEL DE CONTROL'!B13, 0)+=IF('📊 Datos Originales'!N63>80, '🎛️ PANEL DE CONTROL'!B15, 0) | K63: ==IF('📊 Datos Originales'!M63<10, '🎛️ PANEL DE CONTROL'!B14, 0)+=IF('📊 Datos Originales'!O63>24, '🎛️ PANEL DE CONTROL'!B16, 0) | L63: =MAX(0, MIN(1000, I63-J63+K63)) | M63: ='📊 Datos Originales'!H63 | N63: =IF('📊 Datos Originales'!P63="muy_nuevo", '🎛️ PANEL DE CONTROL'!B20, IF('📊 Datos Originales'!P63="nuevo", '🎛️ PANEL DE CONTROL'!B21, IF('📊 Datos Originales'!P63="intermedio", '🎛️ PANEL DE CONTROL'!B22, IF('📊 Datos Originales'!P63="establecido", '🎛️ PANEL DE CONTROL'!B23, '🎛️ PANEL DE CONTROL'!B24)))) | O63: =1-N63 | P63: =(L63*N63)+(M63*O63) | Q63: =IF(P63>='🎛️ PANEL DE CONTROL'!B28, "A+", IF(P63>='🎛️ PANEL DE CONTROL'!B29, "A", IF(P63>='🎛️ PANEL DE CONTROL'!B30, "A-", IF(P63>='🎛️ PANEL DE CONTROL'!B31, "B+", IF(P63>='🎛️ PANEL DE CONTROL'!B32, "B", IF(P63>='🎛️ PANEL DE CONTROL'!B33, "B-", IF(P63>='🎛️ PANEL DE CONTROL'!B34, "C+", IF(P63>='🎛️ PANEL DE CONTROL'!B35, "C", IF(P63>='🎛️ PANEL DE CONTROL'!B36, "C-", IF(P63>='🎛️ PANEL DE CONTROL'!B37, "D", "F")))))))))) | R63: =P63-'📊 Datos Originales'!I63
A64: ='📊 Datos Originales'!A64 | B64: ='📊 Datos Originales'!B64 | C64: ='📊 Datos Originales'!C64 | D64: ='📊 Datos Originales'!D64 | E64: ='📊 Datos Originales'!E64 | F64: =(C64/600)*'🎛️ PANEL DE CONTROL'!B6 | G64: =(D64/150)*'🎛️ PANEL DE CONTROL'!B7 | H64: =(E64/250)*'🎛️ PANEL DE CONTROL'!B8 | I64: =F64+G64+H64 | J64: ==IF('📊 Datos Originales'!L64>30, '🎛️ PANEL DE CONTROL'!B13, 0)+=IF('📊 Datos Originales'!N64>80, '🎛️ PANEL DE CONTROL'!B15, 0) | K64: ==IF('📊 Datos Originales'!M64<10, '🎛️ PANEL DE CONTROL'!B14, 0)+=IF('📊 Datos Originales'!O64>24, '🎛️ PANEL DE CONTROL'!B16, 0) | L64: =MAX(0, MIN(1000, I64-J64+K64)) | M64: ='📊 Datos Originales'!H64 | N64: =IF('📊 Datos Originales'!P64="muy_nuevo", '🎛️ PANEL DE CONTROL'!B20, IF('📊 Datos Originales'!P64="nuevo", '🎛️ PANEL DE CONTROL'!B21, IF('📊 Datos Originales'!P64="intermedio", '🎛️ PANEL DE CONTROL'!B22, IF('📊 Datos Originales'!P64="establecido", '🎛️ PANEL DE CONTROL'!B23, '🎛️ PANEL DE CONTROL'!B24)))) | O64: =1-N64 | P64: =(L64*N64)+(M64*O64) | Q64: =IF(P64>='🎛️ PANEL DE CONTROL'!B28, "A+", IF(P64>='🎛️ PANEL DE CONTROL'!B29, "A", IF(P64>='🎛️ PANEL DE CONTROL'!B30, "A-", IF(P64>='🎛️ PANEL DE CONTROL'!B31, "B+", IF(P64>='🎛️ PANEL DE CONTROL'!B32, "B", IF(P64>='🎛️ PANEL DE CONTROL'!B33, "B-", IF(P64>='🎛️ PANEL DE CONTROL'!B34, "C+", IF(P64>='🎛️ PANEL DE CONTROL'!B35, "C", IF(P64>='🎛️ PANEL DE CONTROL'!B36, "C-", IF(P64>='🎛️ PANEL DE CONTROL'!B37, "D", "F")))))))))) | R64: =P64-'📊 Datos Originales'!I64
A65: ='📊 Datos Originales'!A65 | B65: ='📊 Datos Originales'!B65 | C65: ='📊 Datos Originales'!C65 | D65: ='📊 Datos Originales'!D65 | E65: ='📊 Datos Originales'!E65 | F65: =(C65/600)*'🎛️ PANEL DE CONTROL'!B6 | G65: =(D65/150)*'🎛️ PANEL DE CONTROL'!B7 | H65: =(E65/250)*'🎛️ PANEL DE CONTROL'!B8 | I65: =F65+G65+H65 | J65: ==IF('📊 Datos Originales'!L65>30, '🎛️ PANEL DE CONTROL'!B13, 0)+=IF('📊 Datos Originales'!N65>80, '🎛️ PANEL DE CONTROL'!B15, 0) | K65: ==IF('📊 Datos Originales'!M65<10, '🎛️ PANEL DE CONTROL'!B14, 0)+=IF('📊 Datos Originales'!O65>24, '🎛️ PANEL DE CONTROL'!B16, 0) | L65: =MAX(0, MIN(1000, I65-J65+K65)) | M65: ='📊 Datos Originales'!H65 | N65: =IF('📊 Datos Originales'!P65="muy_nuevo", '🎛️ PANEL DE CONTROL'!B20, IF('📊 Datos Originales'!P65="nuevo", '🎛️ PANEL DE CONTROL'!B21, IF('📊 Datos Originales'!P65="intermedio", '🎛️ PANEL DE CONTROL'!B22, IF('📊 Datos Originales'!P65="establecido", '🎛️ PANEL DE CONTROL'!B23, '🎛️ PANEL DE CONTROL'!B24)))) | O65: =1-N65 | P65: =(L65*N65)+(M65*O65) | Q65: =IF(P65>='🎛️ PANEL DE CONTROL'!B28, "A+", IF(P65>='🎛️ PANEL DE CONTROL'!B29, "A", IF(P65>='🎛️ PANEL DE CONTROL'!B30, "A-", IF(P65>='🎛️ PANEL DE CONTROL'!B31, "B+", IF(P65>='🎛️ PANEL DE CONTROL'!B32, "B", IF(P65>='🎛️ PANEL DE CONTROL'!B33, "B-", IF(P65>='🎛️ PANEL DE CONTROL'!B34, "C+", IF(P65>='🎛️ PANEL DE CONTROL'!B35, "C", IF(P65>='🎛️ PANEL DE CONTROL'!B36, "C-", IF(P65>='🎛️ PANEL DE CONTROL'!B37, "D", "F")))))))))) | R65: =P65-'📊 Datos Originales'!I65
A66: ='📊 Datos Originales'!A66 | B66: ='📊 Datos Originales'!B66 | C66: ='📊 Datos Originales'!C66 | D66: ='📊 Datos Originales'!D66 | E66: ='📊 Datos Originales'!E66 | F66: =(C66/600)*'🎛️ PANEL DE CONTROL'!B6 | G66: =(D66/150)*'🎛️ PANEL DE CONTROL'!B7 | H66: =(E66/250)*'🎛️ PANEL DE CONTROL'!B8 | I66: =F66+G66+H66 | J66: ==IF('📊 Datos Originales'!L66>30, '🎛️ PANEL DE CONTROL'!B13, 0)+=IF('📊 Datos Originales'!N66>80, '🎛️ PANEL DE CONTROL'!B15, 0) | K66: ==IF('📊 Datos Originales'!M66<10, '🎛️ PANEL DE CONTROL'!B14, 0)+=IF('📊 Datos Originales'!O66>24, '🎛️ PANEL DE CONTROL'!B16, 0) | L66: =MAX(0, MIN(1000, I66-J66+K66)) | M66: ='📊 Datos Originales'!H66 | N66: =IF('📊 Datos Originales'!P66="muy_nuevo", '🎛️ PANEL DE CONTROL'!B20, IF('📊 Datos Originales'!P66="nuevo", '🎛️ PANEL DE CONTROL'!B21, IF('📊 Datos Originales'!P66="intermedio", '🎛️ PANEL DE CONTROL'!B22, IF('📊 Datos Originales'!P66="establecido", '🎛️ PANEL DE CONTROL'!B23, '🎛️ PANEL DE CONTROL'!B24)))) | O66: =1-N66 | P66: =(L66*N66)+(M66*O66) | Q66: =IF(P66>='🎛️ PANEL DE CONTROL'!B28, "A+", IF(P66>='🎛️ PANEL DE CONTROL'!B29, "A", IF(P66>='🎛️ PANEL DE CONTROL'!B30, "A-", IF(P66>='🎛️ PANEL DE CONTROL'!B31, "B+", IF(P66>='🎛️ PANEL DE CONTROL'!B32, "B", IF(P66>='🎛️ PANEL DE CONTROL'!B33, "B-", IF(P66>='🎛️ PANEL DE CONTROL'!B34, "C+", IF(P66>='🎛️ PANEL DE CONTROL'!B35, "C", IF(P66>='🎛️ PANEL DE CONTROL'!B36, "C-", IF(P66>='🎛️ PANEL DE CONTROL'!B37, "D", "F")))))))))) | R66: =P66-'📊 Datos Originales'!I66
A67: ='📊 Datos Originales'!A67 | B67: ='📊 Datos Originales'!B67 | C67: ='📊 Datos Originales'!C67 | D67: ='📊 Datos Originales'!D67 | E67: ='📊 Datos Originales'!E67 | F67: =(C67/600)*'🎛️ PANEL DE CONTROL'!B6 | G67: =(D67/150)*'🎛️ PANEL DE CONTROL'!B7 | H67: =(E67/250)*'🎛️ PANEL DE CONTROL'!B8 | I67: =F67+G67+H67 | J67: ==IF('📊 Datos Originales'!L67>30, '🎛️ PANEL DE CONTROL'!B13, 0)+=IF('📊 Datos Originales'!N67>80, '🎛️ PANEL DE CONTROL'!B15, 0) | K67: ==IF('📊 Datos Originales'!M67<10, '🎛️ PANEL DE CONTROL'!B14, 0)+=IF('📊 Datos Originales'!O67>24, '🎛️ PANEL DE CONTROL'!B16, 0) | L67: =MAX(0, MIN(1000, I67-J67+K67)) | M67: ='📊 Datos Originales'!H67 | N67: =IF('📊 Datos Originales'!P67="muy_nuevo", '🎛️ PANEL DE CONTROL'!B20, IF('📊 Datos Originales'!P67="nuevo", '🎛️ PANEL DE CONTROL'!B21, IF('📊 Datos Originales'!P67="intermedio", '🎛️ PANEL DE CONTROL'!B22, IF('📊 Datos Originales'!P67="establecido", '🎛️ PANEL DE CONTROL'!B23, '🎛️ PANEL DE CONTROL'!B24)))) | O67: =1-N67 | P67: =(L67*N67)+(M67*O67) | Q67: =IF(P67>='🎛️ PANEL DE CONTROL'!B28, "A+", IF(P67>='🎛️ PANEL DE CONTROL'!B29, "A", IF(P67>='🎛️ PANEL DE CONTROL'!B30, "A-", IF(P67>='🎛️ PANEL DE CONTROL'!B31, "B+", IF(P67>='🎛️ PANEL DE CONTROL'!B32, "B", IF(P67>='🎛️ PANEL DE CONTROL'!B33, "B-", IF(P67>='🎛️ PANEL DE CONTROL'!B34, "C+", IF(P67>='🎛️ PANEL DE CONTROL'!B35, "C", IF(P67>='🎛️ PANEL DE CONTROL'!B36, "C-", IF(P67>='🎛️ PANEL DE CONTROL'!B37, "D", "F")))))))))) | R67: =P67-'📊 Datos Originales'!I67
A68: ='📊 Datos Originales'!A68 | B68: ='📊 Datos Originales'!B68 | C68: ='📊 Datos Originales'!C68 | D68: ='📊 Datos Originales'!D68 | E68: ='📊 Datos Originales'!E68 | F68: =(C68/600)*'🎛️ PANEL DE CONTROL'!B6 | G68: =(D68/150)*'🎛️ PANEL DE CONTROL'!B7 | H68: =(E68/250)*'🎛️ PANEL DE CONTROL'!B8 | I68: =F68+G68+H68 | J68: ==IF('📊 Datos Originales'!L68>30, '🎛️ PANEL DE CONTROL'!B13, 0)+=IF('📊 Datos Originales'!N68>80, '🎛️ PANEL DE CONTROL'!B15, 0) | K68: ==IF('📊 Datos Originales'!M68<10, '🎛️ PANEL DE CONTROL'!B14, 0)+=IF('📊 Datos Originales'!O68>24, '🎛️ PANEL DE CONTROL'!B16, 0) | L68: =MAX(0, MIN(1000, I68-J68+K68)) | M68: ='📊 Datos Originales'!H68 | N68: =IF('📊 Datos Originales'!P68="muy_nuevo", '🎛️ PANEL DE CONTROL'!B20, IF('📊 Datos Originales'!P68="nuevo", '🎛️ PANEL DE CONTROL'!B21, IF('📊 Datos Originales'!P68="intermedio", '🎛️ PANEL DE CONTROL'!B22, IF('📊 Datos Originales'!P68="establecido", '🎛️ PANEL DE CONTROL'!B23, '🎛️ PANEL DE CONTROL'!B24)))) | O68: =1-N68 | P68: =(L68*N68)+(M68*O68) | Q68: =IF(P68>='🎛️ PANEL DE CONTROL'!B28, "A+", IF(P68>='🎛️ PANEL DE CONTROL'!B29, "A", IF(P68>='🎛️ PANEL DE CONTROL'!B30, "A-", IF(P68>='🎛️ PANEL DE CONTROL'!B31, "B+", IF(P68>='🎛️ PANEL DE CONTROL'!B32, "B", IF(P68>='🎛️ PANEL DE CONTROL'!B33, "B-", IF(P68>='🎛️ PANEL DE CONTROL'!B34, "C+", IF(P68>='🎛️ PANEL DE CONTROL'!B35, "C", IF(P68>='🎛️ PANEL DE CONTROL'!B36, "C-", IF(P68>='🎛️ PANEL DE CONTROL'!B37, "D", "F")))))))))) | R68: =P68-'📊 Datos Originales'!I68
A69: ='📊 Datos Originales'!A69 | B69: ='📊 Datos Originales'!B69 | C69: ='📊 Datos Originales'!C69 | D69: ='📊 Datos Originales'!D69 | E69: ='📊 Datos Originales'!E69 | F69: =(C69/600)*'🎛️ PANEL DE CONTROL'!B6 | G69: =(D69/150)*'🎛️ PANEL DE CONTROL'!B7 | H69: =(E69/250)*'🎛️ PANEL DE CONTROL'!B8 | I69: =F69+G69+H69 | J69: ==IF('📊 Datos Originales'!L69>30, '🎛️ PANEL DE CONTROL'!B13, 0)+=IF('📊 Datos Originales'!N69>80, '🎛️ PANEL DE CONTROL'!B15, 0) | K69: ==IF('📊 Datos Originales'!M69<10, '🎛️ PANEL DE CONTROL'!B14, 0)+=IF('📊 Datos Originales'!O69>24, '🎛️ PANEL DE CONTROL'!B16, 0) | L69: =MAX(0, MIN(1000, I69-J69+K69)) | M69: ='📊 Datos Originales'!H69 | N69: =IF('📊 Datos Originales'!P69="muy_nuevo", '🎛️ PANEL DE CONTROL'!B20, IF('📊 Datos Originales'!P69="nuevo", '🎛️ PANEL DE CONTROL'!B21, IF('📊 Datos Originales'!P69="intermedio", '🎛️ PANEL DE CONTROL'!B22, IF('📊 Datos Originales'!P69="establecido", '🎛️ PANEL DE CONTROL'!B23, '🎛️ PANEL DE CONTROL'!B24)))) | O69: =1-N69 | P69: =(L69*N69)+(M69*O69) | Q69: =IF(P69>='🎛️ PANEL DE CONTROL'!B28, "A+", IF(P69>='🎛️ PANEL DE CONTROL'!B29, "A", IF(P69>='🎛️ PANEL DE CONTROL'!B30, "A-", IF(P69>='🎛️ PANEL DE CONTROL'!B31, "B+", IF(P69>='🎛️ PANEL DE CONTROL'!B32, "B", IF(P69>='🎛️ PANEL DE CONTROL'!B33, "B-", IF(P69>='🎛️ PANEL DE CONTROL'!B34, "C+", IF(P69>='🎛️ PANEL DE CONTROL'!B35, "C", IF(P69>='🎛️ PANEL DE CONTROL'!B36, "C-", IF(P69>='🎛️ PANEL DE CONTROL'!B37, "D", "F")))))))))) | R69: =P69-'📊 Datos Originales'!I69
A70: ='📊 Datos Originales'!A70 | B70: ='📊 Datos Originales'!B70 | C70: ='📊 Datos Originales'!C70 | D70: ='📊 Datos Originales'!D70 | E70: ='📊 Datos Originales'!E70 | F70: =(C70/600)*'🎛️ PANEL DE CONTROL'!B6 | G70: =(D70/150)*'🎛️ PANEL DE CONTROL'!B7 | H70: =(E70/250)*'🎛️ PANEL DE CONTROL'!B8 | I70: =F70+G70+H70 | J70: ==IF('📊 Datos Originales'!L70>30, '🎛️ PANEL DE CONTROL'!B13, 0)+=IF('📊 Datos Originales'!N70>80, '🎛️ PANEL DE CONTROL'!B15, 0) | K70: ==IF('📊 Datos Originales'!M70<10, '🎛️ PANEL DE CONTROL'!B14, 0)+=IF('📊 Datos Originales'!O70>24, '🎛️ PANEL DE CONTROL'!B16, 0) | L70: =MAX(0, MIN(1000, I70-J70+K70)) | M70: ='📊 Datos Originales'!H70 | N70: =IF('📊 Datos Originales'!P70="muy_nuevo", '🎛️ PANEL DE CONTROL'!B20, IF('📊 Datos Originales'!P70="nuevo", '🎛️ PANEL DE CONTROL'!B21, IF('📊 Datos Originales'!P70="intermedio", '🎛️ PANEL DE CONTROL'!B22, IF('📊 Datos Originales'!P70="establecido", '🎛️ PANEL DE CONTROL'!B23, '🎛️ PANEL DE CONTROL'!B24)))) | O70: =1-N70 | P70: =(L70*N70)+(M70*O70) | Q70: =IF(P70>='🎛️ PANEL DE CONTROL'!B28, "A+", IF(P70>='🎛️ PANEL DE CONTROL'!B29, "A", IF(P70>='🎛️ PANEL DE CONTROL'!B30, "A-", IF(P70>='🎛️ PANEL DE CONTROL'!B31, "B+", IF(P70>='🎛️ PANEL DE CONTROL'!B32, "B", IF(P70>='🎛️ PANEL DE CONTROL'!B33, "B-", IF(P70>='🎛️ PANEL DE CONTROL'!B34, "C+", IF(P70>='🎛️ PANEL DE CONTROL'!B35, "C", IF(P70>='🎛️ PANEL DE CONTROL'!B36, "C-", IF(P70>='🎛️ PANEL DE CONTROL'!B37, "D", "F")))))))))) | R70: =P70-'📊 Datos Originales'!I70
A71: ='📊 Datos Originales'!A71 | B71: ='📊 Datos Originales'!B71 | C71: ='📊 Datos Originales'!C71 | D71: ='📊 Datos Originales'!D71 | E71: ='📊 Datos Originales'!E71 | F71: =(C71/600)*'🎛️ PANEL DE CONTROL'!B6 | G71: =(D71/150)*'🎛️ PANEL DE CONTROL'!B7 | H71: =(E71/250)*'🎛️ PANEL DE CONTROL'!B8 | I71: =F71+G71+H71 | J71: ==IF('📊 Datos Originales'!L71>30, '🎛️ PANEL DE CONTROL'!B13, 0)+=IF('📊 Datos Originales'!N71>80, '🎛️ PANEL DE CONTROL'!B15, 0) | K71: ==IF('📊 Datos Originales'!M71<10, '🎛️ PANEL DE CONTROL'!B14, 0)+=IF('📊 Datos Originales'!O71>24, '🎛️ PANEL DE CONTROL'!B16, 0) | L71: =MAX(0, MIN(1000, I71-J71+K71)) | M71: ='📊 Datos Originales'!H71 | N71: =IF('📊 Datos Originales'!P71="muy_nuevo", '🎛️ PANEL DE CONTROL'!B20, IF('📊 Datos Originales'!P71="nuevo", '🎛️ PANEL DE CONTROL'!B21, IF('📊 Datos Originales'!P71="intermedio", '🎛️ PANEL DE CONTROL'!B22, IF('📊 Datos Originales'!P71="establecido", '🎛️ PANEL DE CONTROL'!B23, '🎛️ PANEL DE CONTROL'!B24)))) | O71: =1-N71 | P71: =(L71*N71)+(M71*O71) | Q71: =IF(P71>='🎛️ PANEL DE CONTROL'!B28, "A+", IF(P71>='🎛️ PANEL DE CONTROL'!B29, "A", IF(P71>='🎛️ PANEL DE CONTROL'!B30, "A-", IF(P71>='🎛️ PANEL DE CONTROL'!B31, "B+", IF(P71>='🎛️ PANEL DE CONTROL'!B32, "B", IF(P71>='🎛️ PANEL DE CONTROL'!B33, "B-", IF(P71>='🎛️ PANEL DE CONTROL'!B34, "C+", IF(P71>='🎛️ PANEL DE CONTROL'!B35, "C", IF(P71>='🎛️ PANEL DE CONTROL'!B36, "C-", IF(P71>='🎛️ PANEL DE CONTROL'!B37, "D", "F")))))))))) | R71: =P71-'📊 Datos Originales'!I71
A72: ='📊 Datos Originales'!A72 | B72: ='📊 Datos Originales'!B72 | C72: ='📊 Datos Originales'!C72 | D72: ='📊 Datos Originales'!D72 | E72: ='📊 Datos Originales'!E72 | F72: =(C72/600)*'🎛️ PANEL DE CONTROL'!B6 | G72: =(D72/150)*'🎛️ PANEL DE CONTROL'!B7 | H72: =(E72/250)*'🎛️ PANEL DE CONTROL'!B8 | I72: =F72+G72+H72 | J72: ==IF('📊 Datos Originales'!L72>30, '🎛️ PANEL DE CONTROL'!B13, 0)+=IF('📊 Datos Originales'!N72>80, '🎛️ PANEL DE CONTROL'!B15, 0) | K72: ==IF('📊 Datos Originales'!M72<10, '🎛️ PANEL DE CONTROL'!B14, 0)+=IF('📊 Datos Originales'!O72>24, '🎛️ PANEL DE CONTROL'!B16, 0) | L72: =MAX(0, MIN(1000, I72-J72+K72)) | M72: ='📊 Datos Originales'!H72 | N72: =IF('📊 Datos Originales'!P72="muy_nuevo", '🎛️ PANEL DE CONTROL'!B20, IF('📊 Datos Originales'!P72="nuevo", '🎛️ PANEL DE CONTROL'!B21, IF('📊 Datos Originales'!P72="intermedio", '🎛️ PANEL DE CONTROL'!B22, IF('📊 Datos Originales'!P72="establecido", '🎛️ PANEL DE CONTROL'!B23, '🎛️ PANEL DE CONTROL'!B24)))) | O72: =1-N72 | P72: =(L72*N72)+(M72*O72) | Q72: =IF(P72>='🎛️ PANEL DE CONTROL'!B28, "A+", IF(P72>='🎛️ PANEL DE CONTROL'!B29, "A", IF(P72>='🎛️ PANEL DE CONTROL'!B30, "A-", IF(P72>='🎛️ PANEL DE CONTROL'!B31, "B+", IF(P72>='🎛️ PANEL DE CONTROL'!B32, "B", IF(P72>='🎛️ PANEL DE CONTROL'!B33, "B-", IF(P72>='🎛️ PANEL DE CONTROL'!B34, "C+", IF(P72>='🎛️ PANEL DE CONTROL'!B35, "C", IF(P72>='🎛️ PANEL DE CONTROL'!B36, "C-", IF(P72>='🎛️ PANEL DE CONTROL'!B37, "D", "F")))))))))) | R72: =P72-'📊 Datos Originales'!I72
A73: ='📊 Datos Originales'!A73 | B73: ='📊 Datos Originales'!B73 | C73: ='📊 Datos Originales'!C73 | D73: ='📊 Datos Originales'!D73 | E73: ='📊 Datos Originales'!E73 | F73: =(C73/600)*'🎛️ PANEL DE CONTROL'!B6 | G73: =(D73/150)*'🎛️ PANEL DE CONTROL'!B7 | H73: =(E73/250)*'🎛️ PANEL DE CONTROL'!B8 | I73: =F73+G73+H73 | J73: ==IF('📊 Datos Originales'!L73>30, '🎛️ PANEL DE CONTROL'!B13, 0)+=IF('📊 Datos Originales'!N73>80, '🎛️ PANEL DE CONTROL'!B15, 0) | K73: ==IF('📊 Datos Originales'!M73<10, '🎛️ PANEL DE CONTROL'!B14, 0)+=IF('📊 Datos Originales'!O73>24, '🎛️ PANEL DE CONTROL'!B16, 0) | L73: =MAX(0, MIN(1000, I73-J73+K73)) | M73: ='📊 Datos Originales'!H73 | N73: =IF('📊 Datos Originales'!P73="muy_nuevo", '🎛️ PANEL DE CONTROL'!B20, IF('📊 Datos Originales'!P73="nuevo", '🎛️ PANEL DE CONTROL'!B21, IF('📊 Datos Originales'!P73="intermedio", '🎛️ PANEL DE CONTROL'!B22, IF('📊 Datos Originales'!P73="establecido", '🎛️ PANEL DE CONTROL'!B23, '🎛️ PANEL DE CONTROL'!B24)))) | O73: =1-N73 | P73: =(L73*N73)+(M73*O73) | Q73: =IF(P73>='🎛️ PANEL DE CONTROL'!B28, "A+", IF(P73>='🎛️ PANEL DE CONTROL'!B29, "A", IF(P73>='🎛️ PANEL DE CONTROL'!B30, "A-", IF(P73>='🎛️ PANEL DE CONTROL'!B31, "B+", IF(P73>='🎛️ PANEL DE CONTROL'!B32, "B", IF(P73>='🎛️ PANEL DE CONTROL'!B33, "B-", IF(P73>='🎛️ PANEL DE CONTROL'!B34, "C+", IF(P73>='🎛️ PANEL DE CONTROL'!B35, "C", IF(P73>='🎛️ PANEL DE CONTROL'!B36, "C-", IF(P73>='🎛️ PANEL DE CONTROL'!B37, "D", "F")))))))))) | R73: =P73-'📊 Datos Originales'!I73
A74: ='📊 Datos Originales'!A74 | B74: ='📊 Datos Originales'!B74 | C74: ='📊 Datos Originales'!C74 | D74: ='📊 Datos Originales'!D74 | E74: ='📊 Datos Originales'!E74 | F74: =(C74/600)*'🎛️ PANEL DE CONTROL'!B6 | G74: =(D74/150)*'🎛️ PANEL DE CONTROL'!B7 | H74: =(E74/250)*'🎛️ PANEL DE CONTROL'!B8 | I74: =F74+G74+H74 | J74: ==IF('📊 Datos Originales'!L74>30, '🎛️ PANEL DE CONTROL'!B13, 0)+=IF('📊 Datos Originales'!N74>80, '🎛️ PANEL DE CONTROL'!B15, 0) | K74: ==IF('📊 Datos Originales'!M74<10, '🎛️ PANEL DE CONTROL'!B14, 0)+=IF('📊 Datos Originales'!O74>24, '🎛️ PANEL DE CONTROL'!B16, 0) | L74: =MAX(0, MIN(1000, I74-J74+K74)) | M74: ='📊 Datos Originales'!H74 | N74: =IF('📊 Datos Originales'!P74="muy_nuevo", '🎛️ PANEL DE CONTROL'!B20, IF('📊 Datos Originales'!P74="nuevo", '🎛️ PANEL DE CONTROL'!B21, IF('📊 Datos Originales'!P74="intermedio", '🎛️ PANEL DE CONTROL'!B22, IF('📊 Datos Originales'!P74="establecido", '🎛️ PANEL DE CONTROL'!B23, '🎛️ PANEL DE CONTROL'!B24)))) | O74: =1-N74 | P74: =(L74*N74)+(M74*O74) | Q74: =IF(P74>='🎛️ PANEL DE CONTROL'!B28, "A+", IF(P74>='🎛️ PANEL DE CONTROL'!B29, "A", IF(P74>='🎛️ PANEL DE CONTROL'!B30, "A-", IF(P74>='🎛️ PANEL DE CONTROL'!B31, "B+", IF(P74>='🎛️ PANEL DE CONTROL'!B32, "B", IF(P74>='🎛️ PANEL DE CONTROL'!B33, "B-", IF(P74>='🎛️ PANEL DE CONTROL'!B34, "C+", IF(P74>='🎛️ PANEL DE CONTROL'!B35, "C", IF(P74>='🎛️ PANEL DE CONTROL'!B36, "C-", IF(P74>='🎛️ PANEL DE CONTROL'!B37, "D", "F")))))))))) | R74: =P74-'📊 Datos Originales'!I74
A75: ='📊 Datos Originales'!A75 | B75: ='📊 Datos Originales'!B75 | C75: ='📊 Datos Originales'!C75 | D75: ='📊 Datos Originales'!D75 | E75: ='📊 Datos Originales'!E75 | F75: =(C75/600)*'🎛️ PANEL DE CONTROL'!B6 | G75: =(D75/150)*'🎛️ PANEL DE CONTROL'!B7 | H75: =(E75/250)*'🎛️ PANEL DE CONTROL'!B8 | I75: =F75+G75+H75 | J75: ==IF('📊 Datos Originales'!L75>30, '🎛️ PANEL DE CONTROL'!B13, 0)+=IF('📊 Datos Originales'!N75>80, '🎛️ PANEL DE CONTROL'!B15, 0) | K75: ==IF('📊 Datos Originales'!M75<10, '🎛️ PANEL DE CONTROL'!B14, 0)+=IF('📊 Datos Originales'!O75>24, '🎛️ PANEL DE CONTROL'!B16, 0) | L75: =MAX(0, MIN(1000, I75-J75+K75)) | M75: ='📊 Datos Originales'!H75 | N75: =IF('📊 Datos Originales'!P75="muy_nuevo", '🎛️ PANEL DE CONTROL'!B20, IF('📊 Datos Originales'!P75="nuevo", '🎛️ PANEL DE CONTROL'!B21, IF('📊 Datos Originales'!P75="intermedio", '🎛️ PANEL DE CONTROL'!B22, IF('📊 Datos Originales'!P75="establecido", '🎛️ PANEL DE CONTROL'!B23, '🎛️ PANEL DE CONTROL'!B24)))) | O75: =1-N75 | P75: =(L75*N75)+(M75*O75) | Q75: =IF(P75>='🎛️ PANEL DE CONTROL'!B28, "A+", IF(P75>='🎛️ PANEL DE CONTROL'!B29, "A", IF(P75>='🎛️ PANEL DE CONTROL'!B30, "A-", IF(P75>='🎛️ PANEL DE CONTROL'!B31, "B+", IF(P75>='🎛️ PANEL DE CONTROL'!B32, "B", IF(P75>='🎛️ PANEL DE CONTROL'!B33, "B-", IF(P75>='🎛️ PANEL DE CONTROL'!B34, "C+", IF(P75>='🎛️ PANEL DE CONTROL'!B35, "C", IF(P75>='🎛️ PANEL DE CONTROL'!B36, "C-", IF(P75>='🎛️ PANEL DE CONTROL'!B37, "D", "F")))))))))) | R75: =P75-'📊 Datos Originales'!I75
A76: ='📊 Datos Originales'!A76 | B76: ='📊 Datos Originales'!B76 | C76: ='📊 Datos Originales'!C76 | D76: ='📊 Datos Originales'!D76 | E76: ='📊 Datos Originales'!E76 | F76: =(C76/600)*'🎛️ PANEL DE CONTROL'!B6 | G76: =(D76/150)*'🎛️ PANEL DE CONTROL'!B7 | H76: =(E76/250)*'🎛️ PANEL DE CONTROL'!B8 | I76: =F76+G76+H76 | J76: ==IF('📊 Datos Originales'!L76>30, '🎛️ PANEL DE CONTROL'!B13, 0)+=IF('📊 Datos Originales'!N76>80, '🎛️ PANEL DE CONTROL'!B15, 0) | K76: ==IF('📊 Datos Originales'!M76<10, '🎛️ PANEL DE CONTROL'!B14, 0)+=IF('📊 Datos Originales'!O76>24, '🎛️ PANEL DE CONTROL'!B16, 0) | L76: =MAX(0, MIN(1000, I76-J76+K76)) | M76: ='📊 Datos Originales'!H76 | N76: =IF('📊 Datos Originales'!P76="muy_nuevo", '🎛️ PANEL DE CONTROL'!B20, IF('📊 Datos Originales'!P76="nuevo", '🎛️ PANEL DE CONTROL'!B21, IF('📊 Datos Originales'!P76="intermedio", '🎛️ PANEL DE CONTROL'!B22, IF('📊 Datos Originales'!P76="establecido", '🎛️ PANEL DE CONTROL'!B23, '🎛️ PANEL DE CONTROL'!B24)))) | O76: =1-N76 | P76: =(L76*N76)+(M76*O76) | Q76: =IF(P76>='🎛️ PANEL DE CONTROL'!B28, "A+", IF(P76>='🎛️ PANEL DE CONTROL'!B29, "A", IF(P76>='🎛️ PANEL DE CONTROL'!B30, "A-", IF(P76>='🎛️ PANEL DE CONTROL'!B31, "B+", IF(P76>='🎛️ PANEL DE CONTROL'!B32, "B", IF(P76>='🎛️ PANEL DE CONTROL'!B33, "B-", IF(P76>='🎛️ PANEL DE CONTROL'!B34, "C+", IF(P76>='🎛️ PANEL DE CONTROL'!B35, "C", IF(P76>='🎛️ PANEL DE CONTROL'!B36, "C-", IF(P76>='🎛️ PANEL DE CONTROL'!B37, "D", "F")))))))))) | R76: =P76-'📊 Datos Originales'!I76
A77: ='📊 Datos Originales'!A77 | B77: ='📊 Datos Originales'!B77 | C77: ='📊 Datos Originales'!C77 | D77: ='📊 Datos Originales'!D77 | E77: ='📊 Datos Originales'!E77 | F77: =(C77/600)*'🎛️ PANEL DE CONTROL'!B6 | G77: =(D77/150)*'🎛️ PANEL DE CONTROL'!B7 | H77: =(E77/250)*'🎛️ PANEL DE CONTROL'!B8 | I77: =F77+G77+H77 | J77: ==IF('📊 Datos Originales'!L77>30, '🎛️ PANEL DE CONTROL'!B13, 0)+=IF('📊 Datos Originales'!N77>80, '🎛️ PANEL DE CONTROL'!B15, 0) | K77: ==IF('📊 Datos Originales'!M77<10, '🎛️ PANEL DE CONTROL'!B14, 0)+=IF('📊 Datos Originales'!O77>24, '🎛️ PANEL DE CONTROL'!B16, 0) | L77: =MAX(0, MIN(1000, I77-J77+K77)) | M77: ='📊 Datos Originales'!H77 | N77: =IF('📊 Datos Originales'!P77="muy_nuevo", '🎛️ PANEL DE CONTROL'!B20, IF('📊 Datos Originales'!P77="nuevo", '🎛️ PANEL DE CONTROL'!B21, IF('📊 Datos Originales'!P77="intermedio", '🎛️ PANEL DE CONTROL'!B22, IF('📊 Datos Originales'!P77="establecido", '🎛️ PANEL DE CONTROL'!B23, '🎛️ PANEL DE CONTROL'!B24)))) | O77: =1-N77 | P77: =(L77*N77)+(M77*O77) | Q77: =IF(P77>='🎛️ PANEL DE CONTROL'!B28, "A+", IF(P77>='🎛️ PANEL DE CONTROL'!B29, "A", IF(P77>='🎛️ PANEL DE CONTROL'!B30, "A-", IF(P77>='🎛️ PANEL DE CONTROL'!B31, "B+", IF(P77>='🎛️ PANEL DE CONTROL'!B32, "B", IF(P77>='🎛️ PANEL DE CONTROL'!B33, "B-", IF(P77>='🎛️ PANEL DE CONTROL'!B34, "C+", IF(P77>='🎛️ PANEL DE CONTROL'!B35, "C", IF(P77>='🎛️ PANEL DE CONTROL'!B36, "C-", IF(P77>='🎛️ PANEL DE CONTROL'!B37, "D", "F")))))))))) | R77: =P77-'📊 Datos Originales'!I77
A78: ='📊 Datos Originales'!A78 | B78: ='📊 Datos Originales'!B78 | C78: ='📊 Datos Originales'!C78 | D78: ='📊 Datos Originales'!D78 | E78: ='📊 Datos Originales'!E78 | F78: =(C78/600)*'🎛️ PANEL DE CONTROL'!B6 | G78: =(D78/150)*'🎛️ PANEL DE CONTROL'!B7 | H78: =(E78/250)*'🎛️ PANEL DE CONTROL'!B8 | I78: =F78+G78+H78 | J78: ==IF('📊 Datos Originales'!L78>30, '🎛️ PANEL DE CONTROL'!B13, 0)+=IF('📊 Datos Originales'!N78>80, '🎛️ PANEL DE CONTROL'!B15, 0) | K78: ==IF('📊 Datos Originales'!M78<10, '🎛️ PANEL DE CONTROL'!B14, 0)+=IF('📊 Datos Originales'!O78>24, '🎛️ PANEL DE CONTROL'!B16, 0) | L78: =MAX(0, MIN(1000, I78-J78+K78)) | M78: ='📊 Datos Originales'!H78 | N78: =IF('📊 Datos Originales'!P78="muy_nuevo", '🎛️ PANEL DE CONTROL'!B20, IF('📊 Datos Originales'!P78="nuevo", '🎛️ PANEL DE CONTROL'!B21, IF('📊 Datos Originales'!P78="intermedio", '🎛️ PANEL DE CONTROL'!B22, IF('📊 Datos Originales'!P78="establecido", '🎛️ PANEL DE CONTROL'!B23, '🎛️ PANEL DE CONTROL'!B24)))) | O78: =1-N78 | P78: =(L78*N78)+(M78*O78) | Q78: =IF(P78>='🎛️ PANEL DE CONTROL'!B28, "A+", IF(P78>='🎛️ PANEL DE CONTROL'!B29, "A", IF(P78>='🎛️ PANEL DE CONTROL'!B30, "A-", IF(P78>='🎛️ PANEL DE CONTROL'!B31, "B+", IF(P78>='🎛️ PANEL DE CONTROL'!B32, "B", IF(P78>='🎛️ PANEL DE CONTROL'!B33, "B-", IF(P78>='🎛️ PANEL DE CONTROL'!B34, "C+", IF(P78>='🎛️ PANEL DE CONTROL'!B35, "C", IF(P78>='🎛️ PANEL DE CONTROL'!B36, "C-", IF(P78>='🎛️ PANEL DE CONTROL'!B37, "D", "F")))))))))) | R78: =P78-'📊 Datos Originales'!I78
A79: ='📊 Datos Originales'!A79 | B79: ='📊 Datos Originales'!B79 | C79: ='📊 Datos Originales'!C79 | D79: ='📊 Datos Originales'!D79 | E79: ='📊 Datos Originales'!E79 | F79: =(C79/600)*'🎛️ PANEL DE CONTROL'!B6 | G79: =(D79/150)*'🎛️ PANEL DE CONTROL'!B7 | H79: =(E79/250)*'🎛️ PANEL DE CONTROL'!B8 | I79: =F79+G79+H79 | J79: ==IF('📊 Datos Originales'!L79>30, '🎛️ PANEL DE CONTROL'!B13, 0)+=IF('📊 Datos Originales'!N79>80, '🎛️ PANEL DE CONTROL'!B15, 0) | K79: ==IF('📊 Datos Originales'!M79<10, '🎛️ PANEL DE CONTROL'!B14, 0)+=IF('📊 Datos Originales'!O79>24, '🎛️ PANEL DE CONTROL'!B16, 0) | L79: =MAX(0, MIN(1000, I79-J79+K79)) | M79: ='📊 Datos Originales'!H79 | N79: =IF('📊 Datos Originales'!P79="muy_nuevo", '🎛️ PANEL DE CONTROL'!B20, IF('📊 Datos Originales'!P79="nuevo", '🎛️ PANEL DE CONTROL'!B21, IF('📊 Datos Originales'!P79="intermedio", '🎛️ PANEL DE CONTROL'!B22, IF('📊 Datos Originales'!P79="establecido", '🎛️ PANEL DE CONTROL'!B23, '🎛️ PANEL DE CONTROL'!B24)))) | O79: =1-N79 | P79: =(L79*N79)+(M79*O79) | Q79: =IF(P79>='🎛️ PANEL DE CONTROL'!B28, "A+", IF(P79>='🎛️ PANEL DE CONTROL'!B29, "A", IF(P79>='🎛️ PANEL DE CONTROL'!B30, "A-", IF(P79>='🎛️ PANEL DE CONTROL'!B31, "B+", IF(P79>='🎛️ PANEL DE CONTROL'!B32, "B", IF(P79>='🎛️ PANEL DE CONTROL'!B33, "B-", IF(P79>='🎛️ PANEL DE CONTROL'!B34, "C+", IF(P79>='🎛️ PANEL DE CONTROL'!B35, "C", IF(P79>='🎛️ PANEL DE CONTROL'!B36, "C-", IF(P79>='🎛️ PANEL DE CONTROL'!B37, "D", "F")))))))))) | R79: =P79-'📊 Datos Originales'!I79
A80: ='📊 Datos Originales'!A80 | B80: ='📊 Datos Originales'!B80 | C80: ='📊 Datos Originales'!C80 | D80: ='📊 Datos Originales'!D80 | E80: ='📊 Datos Originales'!E80 | F80: =(C80/600)*'🎛️ PANEL DE CONTROL'!B6 | G80: =(D80/150)*'🎛️ PANEL DE CONTROL'!B7 | H80: =(E80/250)*'🎛️ PANEL DE CONTROL'!B8 | I80: =F80+G80+H80 | J80: ==IF('📊 Datos Originales'!L80>30, '🎛️ PANEL DE CONTROL'!B13, 0)+=IF('📊 Datos Originales'!N80>80, '🎛️ PANEL DE CONTROL'!B15, 0) | K80: ==IF('📊 Datos Originales'!M80<10, '🎛️ PANEL DE CONTROL'!B14, 0)+=IF('📊 Datos Originales'!O80>24, '🎛️ PANEL DE CONTROL'!B16, 0) | L80: =MAX(0, MIN(1000, I80-J80+K80)) | M80: ='📊 Datos Originales'!H80 | N80: =IF('📊 Datos Originales'!P80="muy_nuevo", '🎛️ PANEL DE CONTROL'!B20, IF('📊 Datos Originales'!P80="nuevo", '🎛️ PANEL DE CONTROL'!B21, IF('📊 Datos Originales'!P80="intermedio", '🎛️ PANEL DE CONTROL'!B22, IF('📊 Datos Originales'!P80="establecido", '🎛️ PANEL DE CONTROL'!B23, '🎛️ PANEL DE CONTROL'!B24)))) | O80: =1-N80 | P80: =(L80*N80)+(M80*O80) | Q80: =IF(P80>='🎛️ PANEL DE CONTROL'!B28, "A+", IF(P80>='🎛️ PANEL DE CONTROL'!B29, "A", IF(P80>='🎛️ PANEL DE CONTROL'!B30, "A-", IF(P80>='🎛️ PANEL DE CONTROL'!B31, "B+", IF(P80>='🎛️ PANEL DE CONTROL'!B32, "B", IF(P80>='🎛️ PANEL DE CONTROL'!B33, "B-", IF(P80>='🎛️ PANEL DE CONTROL'!B34, "C+", IF(P80>='🎛️ PANEL DE CONTROL'!B35, "C", IF(P80>='🎛️ PANEL DE CONTROL'!B36, "C-", IF(P80>='🎛️ PANEL DE CONTROL'!B37, "D", "F")))))))))) | R80: =P80-'📊 Datos Originales'!I80
A81: ='📊 Datos Originales'!A81 | B81: ='📊 Datos Originales'!B81 | C81: ='📊 Datos Originales'!C81 | D81: ='📊 Datos Originales'!D81 | E81: ='📊 Datos Originales'!E81 | F81: =(C81/600)*'🎛️ PANEL DE CONTROL'!B6 | G81: =(D81/150)*'🎛️ PANEL DE CONTROL'!B7 | H81: =(E81/250)*'🎛️ PANEL DE CONTROL'!B8 | I81: =F81+G81+H81 | J81: ==IF('📊 Datos Originales'!L81>30, '🎛️ PANEL DE CONTROL'!B13, 0)+=IF('📊 Datos Originales'!N81>80, '🎛️ PANEL DE CONTROL'!B15, 0) | K81: ==IF('📊 Datos Originales'!M81<10, '🎛️ PANEL DE CONTROL'!B14, 0)+=IF('📊 Datos Originales'!O81>24, '🎛️ PANEL DE CONTROL'!B16, 0) | L81: =MAX(0, MIN(1000, I81-J81+K81)) | M81: ='📊 Datos Originales'!H81 | N81: =IF('📊 Datos Originales'!P81="muy_nuevo", '🎛️ PANEL DE CONTROL'!B20, IF('📊 Datos Originales'!P81="nuevo", '🎛️ PANEL DE CONTROL'!B21, IF('📊 Datos Originales'!P81="intermedio", '🎛️ PANEL DE CONTROL'!B22, IF('📊 Datos Originales'!P81="establecido", '🎛️ PANEL DE CONTROL'!B23, '🎛️ PANEL DE CONTROL'!B24)))) | O81: =1-N81 | P81: =(L81*N81)+(M81*O81) | Q81: =IF(P81>='🎛️ PANEL DE CONTROL'!B28, "A+", IF(P81>='🎛️ PANEL DE CONTROL'!B29, "A", IF(P81>='🎛️ PANEL DE CONTROL'!B30, "A-", IF(P81>='🎛️ PANEL DE CONTROL'!B31, "B+", IF(P81>='🎛️ PANEL DE CONTROL'!B32, "B", IF(P81>='🎛️ PANEL DE CONTROL'!B33, "B-", IF(P81>='🎛️ PANEL DE CONTROL'!B34, "C+", IF(P81>='🎛️ PANEL DE CONTROL'!B35, "C", IF(P81>='🎛️ PANEL DE CONTROL'!B36, "C-", IF(P81>='🎛️ PANEL DE CONTROL'!B37, "D", "F")))))))))) | R81: =P81-'📊 Datos Originales'!I81
A82: ='📊 Datos Originales'!A82 | B82: ='📊 Datos Originales'!B82 | C82: ='📊 Datos Originales'!C82 | D82: ='📊 Datos Originales'!D82 | E82: ='📊 Datos Originales'!E82 | F82: =(C82/600)*'🎛️ PANEL DE CONTROL'!B6 | G82: =(D82/150)*'🎛️ PANEL DE CONTROL'!B7 | H82: =(E82/250)*'🎛️ PANEL DE CONTROL'!B8 | I82: =F82+G82+H82 | J82: ==IF('📊 Datos Originales'!L82>30, '🎛️ PANEL DE CONTROL'!B13, 0)+=IF('📊 Datos Originales'!N82>80, '🎛️ PANEL DE CONTROL'!B15, 0) | K82: ==IF('📊 Datos Originales'!M82<10, '🎛️ PANEL DE CONTROL'!B14, 0)+=IF('📊 Datos Originales'!O82>24, '🎛️ PANEL DE CONTROL'!B16, 0) | L82: =MAX(0, MIN(1000, I82-J82+K82)) | M82: ='📊 Datos Originales'!H82 | N82: =IF('📊 Datos Originales'!P82="muy_nuevo", '🎛️ PANEL DE CONTROL'!B20, IF('📊 Datos Originales'!P82="nuevo", '🎛️ PANEL DE CONTROL'!B21, IF('📊 Datos Originales'!P82="intermedio", '🎛️ PANEL DE CONTROL'!B22, IF('📊 Datos Originales'!P82="establecido", '🎛️ PANEL DE CONTROL'!B23, '🎛️ PANEL DE CONTROL'!B24)))) | O82: =1-N82 | P82: =(L82*N82)+(M82*O82) | Q82: =IF(P82>='🎛️ PANEL DE CONTROL'!B28, "A+", IF(P82>='🎛️ PANEL DE CONTROL'!B29, "A", IF(P82>='🎛️ PANEL DE CONTROL'!B30, "A-", IF(P82>='🎛️ PANEL DE CONTROL'!B31, "B+", IF(P82>='🎛️ PANEL DE CONTROL'!B32, "B", IF(P82>='🎛️ PANEL DE CONTROL'!B33, "B-", IF(P82>='🎛️ PANEL DE CONTROL'!B34, "C+", IF(P82>='🎛️ PANEL DE CONTROL'!B35, "C", IF(P82>='🎛️ PANEL DE CONTROL'!B36, "C-", IF(P82>='🎛️ PANEL DE CONTROL'!B37, "D", "F")))))))))) | R82: =P82-'📊 Datos Originales'!I82
A83: ='📊 Datos Originales'!A83 | B83: ='📊 Datos Originales'!B83 | C83: ='📊 Datos Originales'!C83 | D83: ='📊 Datos Originales'!D83 | E83: ='📊 Datos Originales'!E83 | F83: =(C83/600)*'🎛️ PANEL DE CONTROL'!B6 | G83: =(D83/150)*'🎛️ PANEL DE CONTROL'!B7 | H83: =(E83/250)*'🎛️ PANEL DE CONTROL'!B8 | I83: =F83+G83+H83 | J83: ==IF('📊 Datos Originales'!L83>30, '🎛️ PANEL DE CONTROL'!B13, 0)+=IF('📊 Datos Originales'!N83>80, '🎛️ PANEL DE CONTROL'!B15, 0) | K83: ==IF('📊 Datos Originales'!M83<10, '🎛️ PANEL DE CONTROL'!B14, 0)+=IF('📊 Datos Originales'!O83>24, '🎛️ PANEL DE CONTROL'!B16, 0) | L83: =MAX(0, MIN(1000, I83-J83+K83)) | M83: ='📊 Datos Originales'!H83 | N83: =IF('📊 Datos Originales'!P83="muy_nuevo", '🎛️ PANEL DE CONTROL'!B20, IF('📊 Datos Originales'!P83="nuevo", '🎛️ PANEL DE CONTROL'!B21, IF('📊 Datos Originales'!P83="intermedio", '🎛️ PANEL DE CONTROL'!B22, IF('📊 Datos Originales'!P83="establecido", '🎛️ PANEL DE CONTROL'!B23, '🎛️ PANEL DE CONTROL'!B24)))) | O83: =1-N83 | P83: =(L83*N83)+(M83*O83) | Q83: =IF(P83>='🎛️ PANEL DE CONTROL'!B28, "A+", IF(P83>='🎛️ PANEL DE CONTROL'!B29, "A", IF(P83>='🎛️ PANEL DE CONTROL'!B30, "A-", IF(P83>='🎛️ PANEL DE CONTROL'!B31, "B+", IF(P83>='🎛️ PANEL DE CONTROL'!B32, "B", IF(P83>='🎛️ PANEL DE CONTROL'!B33, "B-", IF(P83>='🎛️ PANEL DE CONTROL'!B34, "C+", IF(P83>='🎛️ PANEL DE CONTROL'!B35, "C", IF(P83>='🎛️ PANEL DE CONTROL'!B36, "C-", IF(P83>='🎛️ PANEL DE CONTROL'!B37, "D", "F")))))))))) | R83: =P83-'📊 Datos Originales'!I83
A84: ='📊 Datos Originales'!A84 | B84: ='📊 Datos Originales'!B84 | C84: ='📊 Datos Originales'!C84 | D84: ='📊 Datos Originales'!D84 | E84: ='📊 Datos Originales'!E84 | F84: =(C84/600)*'🎛️ PANEL DE CONTROL'!B6 | G84: =(D84/150)*'🎛️ PANEL DE CONTROL'!B7 | H84: =(E84/250)*'🎛️ PANEL DE CONTROL'!B8 | I84: =F84+G84+H84 | J84: ==IF('📊 Datos Originales'!L84>30, '🎛️ PANEL DE CONTROL'!B13, 0)+=IF('📊 Datos Originales'!N84>80, '🎛️ PANEL DE CONTROL'!B15, 0) | K84: ==IF('📊 Datos Originales'!M84<10, '🎛️ PANEL DE CONTROL'!B14, 0)+=IF('📊 Datos Originales'!O84>24, '🎛️ PANEL DE CONTROL'!B16, 0) | L84: =MAX(0, MIN(1000, I84-J84+K84)) | M84: ='📊 Datos Originales'!H84 | N84: =IF('📊 Datos Originales'!P84="muy_nuevo", '🎛️ PANEL DE CONTROL'!B20, IF('📊 Datos Originales'!P84="nuevo", '🎛️ PANEL DE CONTROL'!B21, IF('📊 Datos Originales'!P84="intermedio", '🎛️ PANEL DE CONTROL'!B22, IF('📊 Datos Originales'!P84="establecido", '🎛️ PANEL DE CONTROL'!B23, '🎛️ PANEL DE CONTROL'!B24)))) | O84: =1-N84 | P84: =(L84*N84)+(M84*O84) | Q84: =IF(P84>='🎛️ PANEL DE CONTROL'!B28, "A+", IF(P84>='🎛️ PANEL DE CONTROL'!B29, "A", IF(P84>='🎛️ PANEL DE CONTROL'!B30, "A-", IF(P84>='🎛️ PANEL DE CONTROL'!B31, "B+", IF(P84>='🎛️ PANEL DE CONTROL'!B32, "B", IF(P84>='🎛️ PANEL DE CONTROL'!B33, "B-", IF(P84>='🎛️ PANEL DE CONTROL'!B34, "C+", IF(P84>='🎛️ PANEL DE CONTROL'!B35, "C", IF(P84>='🎛️ PANEL DE CONTROL'!B36, "C-", IF(P84>='🎛️ PANEL DE CONTROL'!B37, "D", "F")))))))))) | R84: =P84-'📊 Datos Originales'!I84
A85: ='📊 Datos Originales'!A85 | B85: ='📊 Datos Originales'!B85 | C85: ='📊 Datos Originales'!C85 | D85: ='📊 Datos Originales'!D85 | E85: ='📊 Datos Originales'!E85 | F85: =(C85/600)*'🎛️ PANEL DE CONTROL'!B6 | G85: =(D85/150)*'🎛️ PANEL DE CONTROL'!B7 | H85: =(E85/250)*'🎛️ PANEL DE CONTROL'!B8 | I85: =F85+G85+H85 | J85: ==IF('📊 Datos Originales'!L85>30, '🎛️ PANEL DE CONTROL'!B13, 0)+=IF('📊 Datos Originales'!N85>80, '🎛️ PANEL DE CONTROL'!B15, 0) | K85: ==IF('📊 Datos Originales'!M85<10, '🎛️ PANEL DE CONTROL'!B14, 0)+=IF('📊 Datos Originales'!O85>24, '🎛️ PANEL DE CONTROL'!B16, 0) | L85: =MAX(0, MIN(1000, I85-J85+K85)) | M85: ='📊 Datos Originales'!H85 | N85: =IF('📊 Datos Originales'!P85="muy_nuevo", '🎛️ PANEL DE CONTROL'!B20, IF('📊 Datos Originales'!P85="nuevo", '🎛️ PANEL DE CONTROL'!B21, IF('📊 Datos Originales'!P85="intermedio", '🎛️ PANEL DE CONTROL'!B22, IF('📊 Datos Originales'!P85="establecido", '🎛️ PANEL DE CONTROL'!B23, '🎛️ PANEL DE CONTROL'!B24)))) | O85: =1-N85 | P85: =(L85*N85)+(M85*O85) | Q85: =IF(P85>='🎛️ PANEL DE CONTROL'!B28, "A+", IF(P85>='🎛️ PANEL DE CONTROL'!B29, "A", IF(P85>='🎛️ PANEL DE CONTROL'!B30, "A-", IF(P85>='🎛️ PANEL DE CONTROL'!B31, "B+", IF(P85>='🎛️ PANEL DE CONTROL'!B32, "B", IF(P85>='🎛️ PANEL DE CONTROL'!B33, "B-", IF(P85>='🎛️ PANEL DE CONTROL'!B34, "C+", IF(P85>='🎛️ PANEL DE CONTROL'!B35, "C", IF(P85>='🎛️ PANEL DE CONTROL'!B36, "C-", IF(P85>='🎛️ PANEL DE CONTROL'!B37, "D", "F")))))))))) | R85: =P85-'📊 Datos Originales'!I85
A86: ='📊 Datos Originales'!A86 | B86: ='📊 Datos Originales'!B86 | C86: ='📊 Datos Originales'!C86 | D86: ='📊 Datos Originales'!D86 | E86: ='📊 Datos Originales'!E86 | F86: =(C86/600)*'🎛️ PANEL DE CONTROL'!B6 | G86: =(D86/150)*'🎛️ PANEL DE CONTROL'!B7 | H86: =(E86/250)*'🎛️ PANEL DE CONTROL'!B8 | I86: =F86+G86+H86 | J86: ==IF('📊 Datos Originales'!L86>30, '🎛️ PANEL DE CONTROL'!B13, 0)+=IF('📊 Datos Originales'!N86>80, '🎛️ PANEL DE CONTROL'!B15, 0) | K86: ==IF('📊 Datos Originales'!M86<10, '🎛️ PANEL DE CONTROL'!B14, 0)+=IF('📊 Datos Originales'!O86>24, '🎛️ PANEL DE CONTROL'!B16, 0) | L86: =MAX(0, MIN(1000, I86-J86+K86)) | M86: ='📊 Datos Originales'!H86 | N86: =IF('📊 Datos Originales'!P86="muy_nuevo", '🎛️ PANEL DE CONTROL'!B20, IF('📊 Datos Originales'!P86="nuevo", '🎛️ PANEL DE CONTROL'!B21, IF('📊 Datos Originales'!P86="intermedio", '🎛️ PANEL DE CONTROL'!B22, IF('📊 Datos Originales'!P86="establecido", '🎛️ PANEL DE CONTROL'!B23, '🎛️ PANEL DE CONTROL'!B24)))) | O86: =1-N86 | P86: =(L86*N86)+(M86*O86) | Q86: =IF(P86>='🎛️ PANEL DE CONTROL'!B28, "A+", IF(P86>='🎛️ PANEL DE CONTROL'!B29, "A", IF(P86>='🎛️ PANEL DE CONTROL'!B30, "A-", IF(P86>='🎛️ PANEL DE CONTROL'!B31, "B+", IF(P86>='🎛️ PANEL DE CONTROL'!B32, "B", IF(P86>='🎛️ PANEL DE CONTROL'!B33, "B-", IF(P86>='🎛️ PANEL DE CONTROL'!B34, "C+", IF(P86>='🎛️ PANEL DE CONTROL'!B35, "C", IF(P86>='🎛️ PANEL DE CONTROL'!B36, "C-", IF(P86>='🎛️ PANEL DE CONTROL'!B37, "D", "F")))))))))) | R86: =P86-'📊 Datos Originales'!I86
A87: ='📊 Datos Originales'!A87 | B87: ='📊 Datos Originales'!B87 | C87: ='📊 Datos Originales'!C87 | D87: ='📊 Datos Originales'!D87 | E87: ='📊 Datos Originales'!E87 | F87: =(C87/600)*'🎛️ PANEL DE CONTROL'!B6 | G87: =(D87/150)*'🎛️ PANEL DE CONTROL'!B7 | H87: =(E87/250)*'🎛️ PANEL DE CONTROL'!B8 | I87: =F87+G87+H87 | J87: ==IF('📊 Datos Originales'!L87>30, '🎛️ PANEL DE CONTROL'!B13, 0)+=IF('📊 Datos Originales'!N87>80, '🎛️ PANEL DE CONTROL'!B15, 0) | K87: ==IF('📊 Datos Originales'!M87<10, '🎛️ PANEL DE CONTROL'!B14, 0)+=IF('📊 Datos Originales'!O87>24, '🎛️ PANEL DE CONTROL'!B16, 0) | L87: =MAX(0, MIN(1000, I87-J87+K87)) | M87: ='📊 Datos Originales'!H87 | N87: =IF('📊 Datos Originales'!P87="muy_nuevo", '🎛️ PANEL DE CONTROL'!B20, IF('📊 Datos Originales'!P87="nuevo", '🎛️ PANEL DE CONTROL'!B21, IF('📊 Datos Originales'!P87="intermedio", '🎛️ PANEL DE CONTROL'!B22, IF('📊 Datos Originales'!P87="establecido", '🎛️ PANEL DE CONTROL'!B23, '🎛️ PANEL DE CONTROL'!B24)))) | O87: =1-N87 | P87: =(L87*N87)+(M87*O87) | Q87: =IF(P87>='🎛️ PANEL DE CONTROL'!B28, "A+", IF(P87>='🎛️ PANEL DE CONTROL'!B29, "A", IF(P87>='🎛️ PANEL DE CONTROL'!B30, "A-", IF(P87>='🎛️ PANEL DE CONTROL'!B31, "B+", IF(P87>='🎛️ PANEL DE CONTROL'!B32, "B", IF(P87>='🎛️ PANEL DE CONTROL'!B33, "B-", IF(P87>='🎛️ PANEL DE CONTROL'!B34, "C+", IF(P87>='🎛️ PANEL DE CONTROL'!B35, "C", IF(P87>='🎛️ PANEL DE CONTROL'!B36, "C-", IF(P87>='🎛️ PANEL DE CONTROL'!B37, "D", "F")))))))))) | R87: =P87-'📊 Datos Originales'!I87
A88: ='📊 Datos Originales'!A88 | B88: ='📊 Datos Originales'!B88 | C88: ='📊 Datos Originales'!C88 | D88: ='📊 Datos Originales'!D88 | E88: ='📊 Datos Originales'!E88 | F88: =(C88/600)*'🎛️ PANEL DE CONTROL'!B6 | G88: =(D88/150)*'🎛️ PANEL DE CONTROL'!B7 | H88: =(E88/250)*'🎛️ PANEL DE CONTROL'!B8 | I88: =F88+G88+H88 | J88: ==IF('📊 Datos Originales'!L88>30, '🎛️ PANEL DE CONTROL'!B13, 0)+=IF('📊 Datos Originales'!N88>80, '🎛️ PANEL DE CONTROL'!B15, 0) | K88: ==IF('📊 Datos Originales'!M88<10, '🎛️ PANEL DE CONTROL'!B14, 0)+=IF('📊 Datos Originales'!O88>24, '🎛️ PANEL DE CONTROL'!B16, 0) | L88: =MAX(0, MIN(1000, I88-J88+K88)) | M88: ='📊 Datos Originales'!H88 | N88: =IF('📊 Datos Originales'!P88="muy_nuevo", '🎛️ PANEL DE CONTROL'!B20, IF('📊 Datos Originales'!P88="nuevo", '🎛️ PANEL DE CONTROL'!B21, IF('📊 Datos Originales'!P88="intermedio", '🎛️ PANEL DE CONTROL'!B22, IF('📊 Datos Originales'!P88="establecido", '🎛️ PANEL DE CONTROL'!B23, '🎛️ PANEL DE CONTROL'!B24)))) | O88: =1-N88 | P88: =(L88*N88)+(M88*O88) | Q88: =IF(P88>='🎛️ PANEL DE CONTROL'!B28, "A+", IF(P88>='🎛️ PANEL DE CONTROL'!B29, "A", IF(P88>='🎛️ PANEL DE CONTROL'!B30, "A-", IF(P88>='🎛️ PANEL DE CONTROL'!B31, "B+", IF(P88>='🎛️ PANEL DE CONTROL'!B32, "B", IF(P88>='🎛️ PANEL DE CONTROL'!B33, "B-", IF(P88>='🎛️ PANEL DE CONTROL'!B34, "C+", IF(P88>='🎛️ PANEL DE CONTROL'!B35, "C", IF(P88>='🎛️ PANEL DE CONTROL'!B36, "C-", IF(P88>='🎛️ PANEL DE CONTROL'!B37, "D", "F")))))))))) | R88: =P88-'📊 Datos Originales'!I88
A89: ='📊 Datos Originales'!A89 | B89: ='📊 Datos Originales'!B89 | C89: ='📊 Datos Originales'!C89 | D89: ='📊 Datos Originales'!D89 | E89: ='📊 Datos Originales'!E89 | F89: =(C89/600)*'🎛️ PANEL DE CONTROL'!B6 | G89: =(D89/150)*'🎛️ PANEL DE CONTROL'!B7 | H89: =(E89/250)*'🎛️ PANEL DE CONTROL'!B8 | I89: =F89+G89+H89 | J89: ==IF('📊 Datos Originales'!L89>30, '🎛️ PANEL DE CONTROL'!B13, 0)+=IF('📊 Datos Originales'!N89>80, '🎛️ PANEL DE CONTROL'!B15, 0) | K89: ==IF('📊 Datos Originales'!M89<10, '🎛️ PANEL DE CONTROL'!B14, 0)+=IF('📊 Datos Originales'!O89>24, '🎛️ PANEL DE CONTROL'!B16, 0) | L89: =MAX(0, MIN(1000, I89-J89+K89)) | M89: ='📊 Datos Originales'!H89 | N89: =IF('📊 Datos Originales'!P89="muy_nuevo", '🎛️ PANEL DE CONTROL'!B20, IF('📊 Datos Originales'!P89="nuevo", '🎛️ PANEL DE CONTROL'!B21, IF('📊 Datos Originales'!P89="intermedio", '🎛️ PANEL DE CONTROL'!B22, IF('📊 Datos Originales'!P89="establecido", '🎛️ PANEL DE CONTROL'!B23, '🎛️ PANEL DE CONTROL'!B24)))) | O89: =1-N89 | P89: =(L89*N89)+(M89*O89) | Q89: =IF(P89>='🎛️ PANEL DE CONTROL'!B28, "A+", IF(P89>='🎛️ PANEL DE CONTROL'!B29, "A", IF(P89>='🎛️ PANEL DE CONTROL'!B30, "A-", IF(P89>='🎛️ PANEL DE CONTROL'!B31, "B+", IF(P89>='🎛️ PANEL DE CONTROL'!B32, "B", IF(P89>='🎛️ PANEL DE CONTROL'!B33, "B-", IF(P89>='🎛️ PANEL DE CONTROL'!B34, "C+", IF(P89>='🎛️ PANEL DE CONTROL'!B35, "C", IF(P89>='🎛️ PANEL DE CONTROL'!B36, "C-", IF(P89>='🎛️ PANEL DE CONTROL'!B37, "D", "F")))))))))) | R89: =P89-'📊 Datos Originales'!I89
A90: ='📊 Datos Originales'!A90 | B90: ='📊 Datos Originales'!B90 | C90: ='📊 Datos Originales'!C90 | D90: ='📊 Datos Originales'!D90 | E90: ='📊 Datos Originales'!E90 | F90: =(C90/600)*'🎛️ PANEL DE CONTROL'!B6 | G90: =(D90/150)*'🎛️ PANEL DE CONTROL'!B7 | H90: =(E90/250)*'🎛️ PANEL DE CONTROL'!B8 | I90: =F90+G90+H90 | J90: ==IF('📊 Datos Originales'!L90>30, '🎛️ PANEL DE CONTROL'!B13, 0)+=IF('📊 Datos Originales'!N90>80, '🎛️ PANEL DE CONTROL'!B15, 0) | K90: ==IF('📊 Datos Originales'!M90<10, '🎛️ PANEL DE CONTROL'!B14, 0)+=IF('📊 Datos Originales'!O90>24, '🎛️ PANEL DE CONTROL'!B16, 0) | L90: =MAX(0, MIN(1000, I90-J90+K90)) | M90: ='📊 Datos Originales'!H90 | N90: =IF('📊 Datos Originales'!P90="muy_nuevo", '🎛️ PANEL DE CONTROL'!B20, IF('📊 Datos Originales'!P90="nuevo", '🎛️ PANEL DE CONTROL'!B21, IF('📊 Datos Originales'!P90="intermedio", '🎛️ PANEL DE CONTROL'!B22, IF('📊 Datos Originales'!P90="establecido", '🎛️ PANEL DE CONTROL'!B23, '🎛️ PANEL DE CONTROL'!B24)))) | O90: =1-N90 | P90: =(L90*N90)+(M90*O90) | Q90: =IF(P90>='🎛️ PANEL DE CONTROL'!B28, "A+", IF(P90>='🎛️ PANEL DE CONTROL'!B29, "A", IF(P90>='🎛️ PANEL DE CONTROL'!B30, "A-", IF(P90>='🎛️ PANEL DE CONTROL'!B31, "B+", IF(P90>='🎛️ PANEL DE CONTROL'!B32, "B", IF(P90>='🎛️ PANEL DE CONTROL'!B33, "B-", IF(P90>='🎛️ PANEL DE CONTROL'!B34, "C+", IF(P90>='🎛️ PANEL DE CONTROL'!B35, "C", IF(P90>='🎛️ PANEL DE CONTROL'!B36, "C-", IF(P90>='🎛️ PANEL DE CONTROL'!B37, "D", "F")))))))))) | R90: =P90-'📊 Datos Originales'!I90
A91: ='📊 Datos Originales'!A91 | B91: ='📊 Datos Originales'!B91 | C91: ='📊 Datos Originales'!C91 | D91: ='📊 Datos Originales'!D91 | E91: ='📊 Datos Originales'!E91 | F91: =(C91/600)*'🎛️ PANEL DE CONTROL'!B6 | G91: =(D91/150)*'🎛️ PANEL DE CONTROL'!B7 | H91: =(E91/250)*'🎛️ PANEL DE CONTROL'!B8 | I91: =F91+G91+H91 | J91: ==IF('📊 Datos Originales'!L91>30, '🎛️ PANEL DE CONTROL'!B13, 0)+=IF('📊 Datos Originales'!N91>80, '🎛️ PANEL DE CONTROL'!B15, 0) | K91: ==IF('📊 Datos Originales'!M91<10, '🎛️ PANEL DE CONTROL'!B14, 0)+=IF('📊 Datos Originales'!O91>24, '🎛️ PANEL DE CONTROL'!B16, 0) | L91: =MAX(0, MIN(1000, I91-J91+K91)) | M91: ='📊 Datos Originales'!H91 | N91: =IF('📊 Datos Originales'!P91="muy_nuevo", '🎛️ PANEL DE CONTROL'!B20, IF('📊 Datos Originales'!P91="nuevo", '🎛️ PANEL DE CONTROL'!B21, IF('📊 Datos Originales'!P91="intermedio", '🎛️ PANEL DE CONTROL'!B22, IF('📊 Datos Originales'!P91="establecido", '🎛️ PANEL DE CONTROL'!B23, '🎛️ PANEL DE CONTROL'!B24)))) | O91: =1-N91 | P91: =(L91*N91)+(M91*O91) | Q91: =IF(P91>='🎛️ PANEL DE CONTROL'!B28, "A+", IF(P91>='🎛️ PANEL DE CONTROL'!B29, "A", IF(P91>='🎛️ PANEL DE CONTROL'!B30, "A-", IF(P91>='🎛️ PANEL DE CONTROL'!B31, "B+", IF(P91>='🎛️ PANEL DE CONTROL'!B32, "B", IF(P91>='🎛️ PANEL DE CONTROL'!B33, "B-", IF(P91>='🎛️ PANEL DE CONTROL'!B34, "C+", IF(P91>='🎛️ PANEL DE CONTROL'!B35, "C", IF(P91>='🎛️ PANEL DE CONTROL'!B36, "C-", IF(P91>='🎛️ PANEL DE CONTROL'!B37, "D", "F")))))))))) | R91: =P91-'📊 Datos Originales'!I91
A92: ='📊 Datos Originales'!A92 | B92: ='📊 Datos Originales'!B92 | C92: ='📊 Datos Originales'!C92 | D92: ='📊 Datos Originales'!D92 | E92: ='📊 Datos Originales'!E92 | F92: =(C92/600)*'🎛️ PANEL DE CONTROL'!B6 | G92: =(D92/150)*'🎛️ PANEL DE CONTROL'!B7 | H92: =(E92/250)*'🎛️ PANEL DE CONTROL'!B8 | I92: =F92+G92+H92 | J92: ==IF('📊 Datos Originales'!L92>30, '🎛️ PANEL DE CONTROL'!B13, 0)+=IF('📊 Datos Originales'!N92>80, '🎛️ PANEL DE CONTROL'!B15, 0) | K92: ==IF('📊 Datos Originales'!M92<10, '🎛️ PANEL DE CONTROL'!B14, 0)+=IF('📊 Datos Originales'!O92>24, '🎛️ PANEL DE CONTROL'!B16, 0) | L92: =MAX(0, MIN(1000, I92-J92+K92)) | M92: ='📊 Datos Originales'!H92 | N92: =IF('📊 Datos Originales'!P92="muy_nuevo", '🎛️ PANEL DE CONTROL'!B20, IF('📊 Datos Originales'!P92="nuevo", '🎛️ PANEL DE CONTROL'!B21, IF('📊 Datos Originales'!P92="intermedio", '🎛️ PANEL DE CONTROL'!B22, IF('📊 Datos Originales'!P92="establecido", '🎛️ PANEL DE CONTROL'!B23, '🎛️ PANEL DE CONTROL'!B24)))) | O92: =1-N92 | P92: =(L92*N92)+(M92*O92) | Q92: =IF(P92>='🎛️ PANEL DE CONTROL'!B28, "A+", IF(P92>='🎛️ PANEL DE CONTROL'!B29, "A", IF(P92>='🎛️ PANEL DE CONTROL'!B30, "A-", IF(P92>='🎛️ PANEL DE CONTROL'!B31, "B+", IF(P92>='🎛️ PANEL DE CONTROL'!B32, "B", IF(P92>='🎛️ PANEL DE CONTROL'!B33, "B-", IF(P92>='🎛️ PANEL DE CONTROL'!B34, "C+", IF(P92>='🎛️ PANEL DE CONTROL'!B35, "C", IF(P92>='🎛️ PANEL DE CONTROL'!B36, "C-", IF(P92>='🎛️ PANEL DE CONTROL'!B37, "D", "F")))))))))) | R92: =P92-'📊 Datos Originales'!I92
A93: ='📊 Datos Originales'!A93 | B93: ='📊 Datos Originales'!B93 | C93: ='📊 Datos Originales'!C93 | D93: ='📊 Datos Originales'!D93 | E93: ='📊 Datos Originales'!E93 | F93: =(C93/600)*'🎛️ PANEL DE CONTROL'!B6 | G93: =(D93/150)*'🎛️ PANEL DE CONTROL'!B7 | H93: =(E93/250)*'🎛️ PANEL DE CONTROL'!B8 | I93: =F93+G93+H93 | J93: ==IF('📊 Datos Originales'!L93>30, '🎛️ PANEL DE CONTROL'!B13, 0)+=IF('📊 Datos Originales'!N93>80, '🎛️ PANEL DE CONTROL'!B15, 0) | K93: ==IF('📊 Datos Originales'!M93<10, '🎛️ PANEL DE CONTROL'!B14, 0)+=IF('📊 Datos Originales'!O93>24, '🎛️ PANEL DE CONTROL'!B16, 0) | L93: =MAX(0, MIN(1000, I93-J93+K93)) | M93: ='📊 Datos Originales'!H93 | N93: =IF('📊 Datos Originales'!P93="muy_nuevo", '🎛️ PANEL DE CONTROL'!B20, IF('📊 Datos Originales'!P93="nuevo", '🎛️ PANEL DE CONTROL'!B21, IF('📊 Datos Originales'!P93="intermedio", '🎛️ PANEL DE CONTROL'!B22, IF('📊 Datos Originales'!P93="establecido", '🎛️ PANEL DE CONTROL'!B23, '🎛️ PANEL DE CONTROL'!B24)))) | O93: =1-N93 | P93: =(L93*N93)+(M93*O93) | Q93: =IF(P93>='🎛️ PANEL DE CONTROL'!B28, "A+", IF(P93>='🎛️ PANEL DE CONTROL'!B29, "A", IF(P93>='🎛️ PANEL DE CONTROL'!B30, "A-", IF(P93>='🎛️ PANEL DE CONTROL'!B31, "B+", IF(P93>='🎛️ PANEL DE CONTROL'!B32, "B", IF(P93>='🎛️ PANEL DE CONTROL'!B33, "B-", IF(P93>='🎛️ PANEL DE CONTROL'!B34, "C+", IF(P93>='🎛️ PANEL DE CONTROL'!B35, "C", IF(P93>='🎛️ PANEL DE CONTROL'!B36, "C-", IF(P93>='🎛️ PANEL DE CONTROL'!B37, "D", "F")))))))))) | R93: =P93-'📊 Datos Originales'!I93
A94: ='📊 Datos Originales'!A94 | B94: ='📊 Datos Originales'!B94 | C94: ='📊 Datos Originales'!C94 | D94: ='📊 Datos Originales'!D94 | E94: ='📊 Datos Originales'!E94 | F94: =(C94/600)*'🎛️ PANEL DE CONTROL'!B6 | G94: =(D94/150)*'🎛️ PANEL DE CONTROL'!B7 | H94: =(E94/250)*'🎛️ PANEL DE CONTROL'!B8 | I94: =F94+G94+H94 | J94: ==IF('📊 Datos Originales'!L94>30, '🎛️ PANEL DE CONTROL'!B13, 0)+=IF('📊 Datos Originales'!N94>80, '🎛️ PANEL DE CONTROL'!B15, 0) | K94: ==IF('📊 Datos Originales'!M94<10, '🎛️ PANEL DE CONTROL'!B14, 0)+=IF('📊 Datos Originales'!O94>24, '🎛️ PANEL DE CONTROL'!B16, 0) | L94: =MAX(0, MIN(1000, I94-J94+K94)) | M94: ='📊 Datos Originales'!H94 | N94: =IF('📊 Datos Originales'!P94="muy_nuevo", '🎛️ PANEL DE CONTROL'!B20, IF('📊 Datos Originales'!P94="nuevo", '🎛️ PANEL DE CONTROL'!B21, IF('📊 Datos Originales'!P94="intermedio", '🎛️ PANEL DE CONTROL'!B22, IF('📊 Datos Originales'!P94="establecido", '🎛️ PANEL DE CONTROL'!B23, '🎛️ PANEL DE CONTROL'!B24)))) | O94: =1-N94 | P94: =(L94*N94)+(M94*O94) | Q94: =IF(P94>='🎛️ PANEL DE CONTROL'!B28, "A+", IF(P94>='🎛️ PANEL DE CONTROL'!B29, "A", IF(P94>='🎛️ PANEL DE CONTROL'!B30, "A-", IF(P94>='🎛️ PANEL DE CONTROL'!B31, "B+", IF(P94>='🎛️ PANEL DE CONTROL'!B32, "B", IF(P94>='🎛️ PANEL DE CONTROL'!B33, "B-", IF(P94>='🎛️ PANEL DE CONTROL'!B34, "C+", IF(P94>='🎛️ PANEL DE CONTROL'!B35, "C", IF(P94>='🎛️ PANEL DE CONTROL'!B36, "C-", IF(P94>='🎛️ PANEL DE CONTROL'!B37, "D", "F")))))))))) | R94: =P94-'📊 Datos Originales'!I94
A95: ='📊 Datos Originales'!A95 | B95: ='📊 Datos Originales'!B95 | C95: ='📊 Datos Originales'!C95 | D95: ='📊 Datos Originales'!D95 | E95: ='📊 Datos Originales'!E95 | F95: =(C95/600)*'🎛️ PANEL DE CONTROL'!B6 | G95: =(D95/150)*'🎛️ PANEL DE CONTROL'!B7 | H95: =(E95/250)*'🎛️ PANEL DE CONTROL'!B8 | I95: =F95+G95+H95 | J95: ==IF('📊 Datos Originales'!L95>30, '🎛️ PANEL DE CONTROL'!B13, 0)+=IF('📊 Datos Originales'!N95>80, '🎛️ PANEL DE CONTROL'!B15, 0) | K95: ==IF('📊 Datos Originales'!M95<10, '🎛️ PANEL DE CONTROL'!B14, 0)+=IF('📊 Datos Originales'!O95>24, '🎛️ PANEL DE CONTROL'!B16, 0) | L95: =MAX(0, MIN(1000, I95-J95+K95)) | M95: ='📊 Datos Originales'!H95 | N95: =IF('📊 Datos Originales'!P95="muy_nuevo", '🎛️ PANEL DE CONTROL'!B20, IF('📊 Datos Originales'!P95="nuevo", '🎛️ PANEL DE CONTROL'!B21, IF('📊 Datos Originales'!P95="intermedio", '🎛️ PANEL DE CONTROL'!B22, IF('📊 Datos Originales'!P95="establecido", '🎛️ PANEL DE CONTROL'!B23, '🎛️ PANEL DE CONTROL'!B24)))) | O95: =1-N95 | P95: =(L95*N95)+(M95*O95) | Q95: =IF(P95>='🎛️ PANEL DE CONTROL'!B28, "A+", IF(P95>='🎛️ PANEL DE CONTROL'!B29, "A", IF(P95>='🎛️ PANEL DE CONTROL'!B30, "A-", IF(P95>='🎛️ PANEL DE CONTROL'!B31, "B+", IF(P95>='🎛️ PANEL DE CONTROL'!B32, "B", IF(P95>='🎛️ PANEL DE CONTROL'!B33, "B-", IF(P95>='🎛️ PANEL DE CONTROL'!B34, "C+", IF(P95>='🎛️ PANEL DE CONTROL'!B35, "C", IF(P95>='🎛️ PANEL DE CONTROL'!B36, "C-", IF(P95>='🎛️ PANEL DE CONTROL'!B37, "D", "F")))))))))) | R95: =P95-'📊 Datos Originales'!I95
A96: ='📊 Datos Originales'!A96 | B96: ='📊 Datos Originales'!B96 | C96: ='📊 Datos Originales'!C96 | D96: ='📊 Datos Originales'!D96 | E96: ='📊 Datos Originales'!E96 | F96: =(C96/600)*'🎛️ PANEL DE CONTROL'!B6 | G96: =(D96/150)*'🎛️ PANEL DE CONTROL'!B7 | H96: =(E96/250)*'🎛️ PANEL DE CONTROL'!B8 | I96: =F96+G96+H96 | J96: ==IF('📊 Datos Originales'!L96>30, '🎛️ PANEL DE CONTROL'!B13, 0)+=IF('📊 Datos Originales'!N96>80, '🎛️ PANEL DE CONTROL'!B15, 0) | K96: ==IF('📊 Datos Originales'!M96<10, '🎛️ PANEL DE CONTROL'!B14, 0)+=IF('📊 Datos Originales'!O96>24, '🎛️ PANEL DE CONTROL'!B16, 0) | L96: =MAX(0, MIN(1000, I96-J96+K96)) | M96: ='📊 Datos Originales'!H96 | N96: =IF('📊 Datos Originales'!P96="muy_nuevo", '🎛️ PANEL DE CONTROL'!B20, IF('📊 Datos Originales'!P96="nuevo", '🎛️ PANEL DE CONTROL'!B21, IF('📊 Datos Originales'!P96="intermedio", '🎛️ PANEL DE CONTROL'!B22, IF('📊 Datos Originales'!P96="establecido", '🎛️ PANEL DE CONTROL'!B23, '🎛️ PANEL DE CONTROL'!B24)))) | O96: =1-N96 | P96: =(L96*N96)+(M96*O96) | Q96: =IF(P96>='🎛️ PANEL DE CONTROL'!B28, "A+", IF(P96>='🎛️ PANEL DE CONTROL'!B29, "A", IF(P96>='🎛️ PANEL DE CONTROL'!B30, "A-", IF(P96>='🎛️ PANEL DE CONTROL'!B31, "B+", IF(P96>='🎛️ PANEL DE CONTROL'!B32, "B", IF(P96>='🎛️ PANEL DE CONTROL'!B33, "B-", IF(P96>='🎛️ PANEL DE CONTROL'!B34, "C+", IF(P96>='🎛️ PANEL DE CONTROL'!B35, "C", IF(P96>='🎛️ PANEL DE CONTROL'!B36, "C-", IF(P96>='🎛️ PANEL DE CONTROL'!B37, "D", "F")))))))))) | R96: =P96-'📊 Datos Originales'!I96
A97: ='📊 Datos Originales'!A97 | B97: ='📊 Datos Originales'!B97 | C97: ='📊 Datos Originales'!C97 | D97: ='📊 Datos Originales'!D97 | E97: ='📊 Datos Originales'!E97 | F97: =(C97/600)*'🎛️ PANEL DE CONTROL'!B6 | G97: =(D97/150)*'🎛️ PANEL DE CONTROL'!B7 | H97: =(E97/250)*'🎛️ PANEL DE CONTROL'!B8 | I97: =F97+G97+H97 | J97: ==IF('📊 Datos Originales'!L97>30, '🎛️ PANEL DE CONTROL'!B13, 0)+=IF('📊 Datos Originales'!N97>80, '🎛️ PANEL DE CONTROL'!B15, 0) | K97: ==IF('📊 Datos Originales'!M97<10, '🎛️ PANEL DE CONTROL'!B14, 0)+=IF('📊 Datos Originales'!O97>24, '🎛️ PANEL DE CONTROL'!B16, 0) | L97: =MAX(0, MIN(1000, I97-J97+K97)) | M97: ='📊 Datos Originales'!H97 | N97: =IF('📊 Datos Originales'!P97="muy_nuevo", '🎛️ PANEL DE CONTROL'!B20, IF('📊 Datos Originales'!P97="nuevo", '🎛️ PANEL DE CONTROL'!B21, IF('📊 Datos Originales'!P97="intermedio", '🎛️ PANEL DE CONTROL'!B22, IF('📊 Datos Originales'!P97="establecido", '🎛️ PANEL DE CONTROL'!B23, '🎛️ PANEL DE CONTROL'!B24)))) | O97: =1-N97 | P97: =(L97*N97)+(M97*O97) | Q97: =IF(P97>='🎛️ PANEL DE CONTROL'!B28, "A+", IF(P97>='🎛️ PANEL DE CONTROL'!B29, "A", IF(P97>='🎛️ PANEL DE CONTROL'!B30, "A-", IF(P97>='🎛️ PANEL DE CONTROL'!B31, "B+", IF(P97>='🎛️ PANEL DE CONTROL'!B32, "B", IF(P97>='🎛️ PANEL DE CONTROL'!B33, "B-", IF(P97>='🎛️ PANEL DE CONTROL'!B34, "C+", IF(P97>='🎛️ PANEL DE CONTROL'!B35, "C", IF(P97>='🎛️ PANEL DE CONTROL'!B36, "C-", IF(P97>='🎛️ PANEL DE CONTROL'!B37, "D", "F")))))))))) | R97: =P97-'📊 Datos Originales'!I97
A98: ='📊 Datos Originales'!A98 | B98: ='📊 Datos Originales'!B98 | C98: ='📊 Datos Originales'!C98 | D98: ='📊 Datos Originales'!D98 | E98: ='📊 Datos Originales'!E98 | F98: =(C98/600)*'🎛️ PANEL DE CONTROL'!B6 | G98: =(D98/150)*'🎛️ PANEL DE CONTROL'!B7 | H98: =(E98/250)*'🎛️ PANEL DE CONTROL'!B8 | I98: =F98+G98+H98 | J98: ==IF('📊 Datos Originales'!L98>30, '🎛️ PANEL DE CONTROL'!B13, 0)+=IF('📊 Datos Originales'!N98>80, '🎛️ PANEL DE CONTROL'!B15, 0) | K98: ==IF('📊 Datos Originales'!M98<10, '🎛️ PANEL DE CONTROL'!B14, 0)+=IF('📊 Datos Originales'!O98>24, '🎛️ PANEL DE CONTROL'!B16, 0) | L98: =MAX(0, MIN(1000, I98-J98+K98)) | M98: ='📊 Datos Originales'!H98 | N98: =IF('📊 Datos Originales'!P98="muy_nuevo", '🎛️ PANEL DE CONTROL'!B20, IF('📊 Datos Originales'!P98="nuevo", '🎛️ PANEL DE CONTROL'!B21, IF('📊 Datos Originales'!P98="intermedio", '🎛️ PANEL DE CONTROL'!B22, IF('📊 Datos Originales'!P98="establecido", '🎛️ PANEL DE CONTROL'!B23, '🎛️ PANEL DE CONTROL'!B24)))) | O98: =1-N98 | P98: =(L98*N98)+(M98*O98) | Q98: =IF(P98>='🎛️ PANEL DE CONTROL'!B28, "A+", IF(P98>='🎛️ PANEL DE CONTROL'!B29, "A", IF(P98>='🎛️ PANEL DE CONTROL'!B30, "A-", IF(P98>='🎛️ PANEL DE CONTROL'!B31, "B+", IF(P98>='🎛️ PANEL DE CONTROL'!B32, "B", IF(P98>='🎛️ PANEL DE CONTROL'!B33, "B-", IF(P98>='🎛️ PANEL DE CONTROL'!B34, "C+", IF(P98>='🎛️ PANEL DE CONTROL'!B35, "C", IF(P98>='🎛️ PANEL DE CONTROL'!B36, "C-", IF(P98>='🎛️ PANEL DE CONTROL'!B37, "D", "F")))))))))) | R98: =P98-'📊 Datos Originales'!I98
A99: ='📊 Datos Originales'!A99 | B99: ='📊 Datos Originales'!B99 | C99: ='📊 Datos Originales'!C99 | D99: ='📊 Datos Originales'!D99 | E99: ='📊 Datos Originales'!E99 | F99: =(C99/600)*'🎛️ PANEL DE CONTROL'!B6 | G99: =(D99/150)*'🎛️ PANEL DE CONTROL'!B7 | H99: =(E99/250)*'🎛️ PANEL DE CONTROL'!B8 | I99: =F99+G99+H99 | J99: ==IF('📊 Datos Originales'!L99>30, '🎛️ PANEL DE CONTROL'!B13, 0)+=IF('📊 Datos Originales'!N99>80, '🎛️ PANEL DE CONTROL'!B15, 0) | K99: ==IF('📊 Datos Originales'!M99<10, '🎛️ PANEL DE CONTROL'!B14, 0)+=IF('📊 Datos Originales'!O99>24, '🎛️ PANEL DE CONTROL'!B16, 0) | L99: =MAX(0, MIN(1000, I99-J99+K99)) | M99: ='📊 Datos Originales'!H99 | N99: =IF('📊 Datos Originales'!P99="muy_nuevo", '🎛️ PANEL DE CONTROL'!B20, IF('📊 Datos Originales'!P99="nuevo", '🎛️ PANEL DE CONTROL'!B21, IF('📊 Datos Originales'!P99="intermedio", '🎛️ PANEL DE CONTROL'!B22, IF('📊 Datos Originales'!P99="establecido", '🎛️ PANEL DE CONTROL'!B23, '🎛️ PANEL DE CONTROL'!B24)))) | O99: =1-N99 | P99: =(L99*N99)+(M99*O99) | Q99: =IF(P99>='🎛️ PANEL DE CONTROL'!B28, "A+", IF(P99>='🎛️ PANEL DE CONTROL'!B29, "A", IF(P99>='🎛️ PANEL DE CONTROL'!B30, "A-", IF(P99>='🎛️ PANEL DE CONTROL'!B31, "B+", IF(P99>='🎛️ PANEL DE CONTROL'!B32, "B", IF(P99>='🎛️ PANEL DE CONTROL'!B33, "B-", IF(P99>='🎛️ PANEL DE CONTROL'!B34, "C+", IF(P99>='🎛️ PANEL DE CONTROL'!B35, "C", IF(P99>='🎛️ PANEL DE CONTROL'!B36, "C-", IF(P99>='🎛️ PANEL DE CONTROL'!B37, "D", "F")))))))))) | R99: =P99-'📊 Datos Originales'!I99
A100: ='📊 Datos Originales'!A100 | B100: ='📊 Datos Originales'!B100 | C100: ='📊 Datos Originales'!C100 | D100: ='📊 Datos Originales'!D100 | E100: ='📊 Datos Originales'!E100 | F100: =(C100/600)*'🎛️ PANEL DE CONTROL'!B6 | G100: =(D100/150)*'🎛️ PANEL DE CONTROL'!B7 | H100: =(E100/250)*'🎛️ PANEL DE CONTROL'!B8 | I100: =F100+G100+H100 | J100: ==IF('📊 Datos Originales'!L100>30, '🎛️ PANEL DE CONTROL'!B13, 0)+=IF('📊 Datos Originales'!N100>80, '🎛️ PANEL DE CONTROL'!B15, 0) | K100: ==IF('📊 Datos Originales'!M100<10, '🎛️ PANEL DE CONTROL'!B14, 0)+=IF('📊 Datos Originales'!O100>24, '🎛️ PANEL DE CONTROL'!B16, 0) | L100: =MAX(0, MIN(1000, I100-J100+K100)) | M100: ='📊 Datos Originales'!H100 | N100: =IF('📊 Datos Originales'!P100="muy_nuevo", '🎛️ PANEL DE CONTROL'!B20, IF('📊 Datos Originales'!P100="nuevo", '🎛️ PANEL DE CONTROL'!B21, IF('📊 Datos Originales'!P100="intermedio", '🎛️ PANEL DE CONTROL'!B22, IF('📊 Datos Originales'!P100="establecido", '🎛️ PANEL DE CONTROL'!B23, '🎛️ PANEL DE CONTROL'!B24)))) | O100: =1-N100 | P100: =(L100*N100)+(M100*O100) | Q100: =IF(P100>='🎛️ PANEL DE CONTROL'!B28, "A+", IF(P100>='🎛️ PANEL DE CONTROL'!B29, "A", IF(P100>='🎛️ PANEL DE CONTROL'!B30, "A-", IF(P100>='🎛️ PANEL DE CONTROL'!B31, "B+", IF(P100>='🎛️ PANEL DE CONTROL'!B32, "B", IF(P100>='🎛️ PANEL DE CONTROL'!B33, "B-", IF(P100>='🎛️ PANEL DE CONTROL'!B34, "C+", IF(P100>='🎛️ PANEL DE CONTROL'!B35, "C", IF(P100>='🎛️ PANEL DE CONTROL'!B36, "C-", IF(P100>='🎛️ PANEL DE CONTROL'!B37, "D", "F")))))))))) | R100: =P100-'📊 Datos Originales'!I100
...

Sheet 📈 Comparación
A1: COMPARACIÓN: SCORES BASE vs SIMULADOS
A3: Métrica | B3: Score Base | C3: Score Simulado | D3: Diferencia
A4: Promedio | B4: =AVERAGE('📊 Datos Originales'!I:I) | C4: =AVERAGE('🎯 Scores Simulados'!P:P) | D4: =C4-B4
A5: Mediana | B5: =MEDIAN('📊 Datos Originales'!I:I) | C5: =MEDIAN('🎯 Scores Simulados'!P:P) | D5: =C5-B5
A6: Máximo | B6: =MAX('📊 Datos Originales'!I:I) | C6: =MAX('🎯 Scores Simulados'!P:P) | D6: =C6-B6
A7: Mínimo | B7: =MIN('📊 Datos Originales'!I:I) | C7: =MIN('🎯 Scores Simulados'!P:P) | D7: =C7-B7
A8: Desviación Estándar | B8: =STDEV('📊 Datos Originales'!I:I) | C8: =STDEV('🎯 Scores Simulados'!P:P) | D8: =C8-B8
